ACGCCTGACACGCGCT-1,0,0,0,3489,5512
TACCGATCCAACACTT-1,0,1,1,3995,5801
ATTAAAGCGGACGAGC-1,0,0,2,3490,6093
GATAAGGGACGATTAG-1,0,1,3,3997,6382
GTGCAAATCACCAATA-1,0,0,4,3492,6674
TGTTGGCTGGCGGAAG-1,0,1,5,3998,6963
GCATCCTCTCCTATTA-1,0,0,6,3493,7255
GCGAGGGACTGCTAGA-1,0,1,7,3999,7544
TGGTACCGGCACAGCC-1,0,0,8,3495,7835
GCGCGTTTAAATCGTA-1,0,1,9,4001,8125
TGCCTTGCCCTTACGG-1,0,0,10,3496,8416
GACGACTTTCCAAGAA-1,0,1,11,4002,8706
CCAGTGAGCTCCTTGT-1,0,0,12,3497,8997
ATACCCTGGCTCAAAT-1,0,1,13,4004,9287
GGGTTTCCGGCTTCCA-1,0,0,14,3499,9578
TAACCGTCCAGTTCAT-1,0,1,15,4005,9867
AAACAACGAATAGTTC-1,0,0,16,3500,10159
CAAGGGAGTGTATTTG-1,0,1,17,4006,10448
CCAAGCTTGATCTCCT-1,0,0,18,3502,10740
TTATTTCATCCCAAAC-1,0,1,19,4008,11029
GAGCGCTATGTCAGGC-1,0,0,20,3503,11321
TATGGCAGACTTTCGA-1,0,1,21,4009,11610
CTTCGTGCCCGCATCG-1,0,0,22,3504,11902
AAACGGGTTGGTATCC-1,0,1,23,4010,12191
TGCAAACCCACATCAA-1,0,0,24,3506,12483
GACGGGATGTCTTATG-1,0,1,25,4012,12772
GGCGAGCATCGAGGAC-1,0,0,26,3507,13064
CGCGTGCTATCAACGA-1,0,1,27,4013,13353
TGAAACCTCAACTCAC-1,0,0,28,3509,13645
CACATAAGGCGACCGT-1,0,1,29,4015,13934
TGACCCAACTCACATT-1,0,0,30,3510,14226
ATACGCCGATCTACCG-1,0,1,31,4016,14515
ACTTATCTGATCTATA-1,0,0,32,3511,14806
GTGTGAGCCGAGGTGC-1,0,1,33,4017,15096
GATGATTTGAAACTGG-1,0,0,34,3513,15387
GGGAACCACCTGTTTC-1,0,1,35,4019,15677
GTTCGTTGCGGACCAG-1,0,0,36,3514,15968
TGAGGTTGATCCCAAG-1,0,1,37,4020,16258
GATGCCACACTACAGC-1,0,0,38,3516,16549
AGGCAAAGAGGAATCA-1,0,1,39,4022,16838
AAGTAAGCTTCCAAAC-1,0,0,40,3517,17130
AACGTAGTCTACCCAT-1,0,1,41,4023,17419
GTTTGAGCGGTTATGT-1,0,0,42,3518,17711
GAAGCAAGGCAATGTT-1,0,1,43,4024,18000
TCACTCAGCGCATTAG-1,0,0,44,3520,18292
TACAATGAAACCAGCA-1,0,1,45,4026,18581
GTGCGCTTACAAATGA-1,0,0,46,3521,18873
GCACTCCCACAGTCCC-1,0,1,47,4027,19162
CGAAGACTGCCCGGGA-1,0,0,48,3522,19454
CAGGATCCGCCCGACC-1,0,1,49,4029,19743
CACGATTGGTCGTTAA-1,0,0,50,3524,20035
GGTTGTATCGTGAAAT-1,0,1,51,4030,20324
TCTTATGGGTAGTACC-1,0,0,52,3525,20616
TACAAGCTGTTCACTG-1,0,1,53,4031,20905
GTATCTTGTTGCTCAC-1,0,0,54,3527,21197
ATACCAGGTGAGCGAT-1,0,1,55,4033,21486
CCTAAACAGGGTCCGT-1,0,0,56,3528,21778
ATGGTGCTCAAAGCCA-1,0,1,57,4034,22067
CAAATGCGGAGTGTTC-1,0,0,58,3529,22358
CGTGCCCGACATTTGT-1,0,1,59,4036,22648
GTATCTCCCTAACTGT-1,0,0,60,3531,22939
ATTTGCCTAGTTACGA-1,0,1,61,4037,23229
ACGTCCTAAACGAGAT-1,0,0,62,3532,23520
CTGGGATCGCCCAGAT-1,0,1,63,4038,23810
CTGCAAATGGGCTCCA-1,0,0,64,3534,24101
CATTATAACAGGGTCC-1,0,1,65,4040,24390
ACCTTTCCTTTAGAAG-1,0,0,66,3535,24682
ATAGATTTGCAGTCGG-1,0,1,67,4041,24971
CTCGGGCATCGTCGGG-1,0,0,68,3536,25263
GTGGCGGGCCGTAGCT-1,0,1,69,4042,25552
CAACAGTGCCAAACGG-1,0,0,70,3538,25844
TGCGGGTATTGGGATC-1,0,1,71,4044,26133
GTCTCGCCAACACGCC-1,0,0,72,3539,26425
CTGGGCGGCCAAATGT-1,0,1,73,4045,26714
TAAAGGAGAAACTAGT-1,0,0,74,3541,27006
TCCCACGGAGGGAGCT-1,0,1,75,4047,27295
AGCTTCAATACTTTGA-1,0,0,76,3542,27587
TTCCACATTTCTCGTC-1,0,1,77,4048,27876
ACAAACCGACAAGGCG-1,0,0,78,3543,28168
AGACGGGATTGGTATA-1,0,1,79,4049,28457
AACCTAAAGCCGTCCG-1,0,0,80,3545,28749
TACAAATTGCGGAGGT-1,0,1,81,4051,29038
CCCGCTAGAGGGTTAA-1,0,0,82,3546,29329
CATTGCAAAGCATAAT-1,0,1,83,4052,29619
TGTACGCTATCAGCTT-1,0,0,84,3548,29910
TTCTTCGCAATAGAGC-1,0,1,85,4054,30200
TGTGATTCCAGCGCTT-1,0,0,86,3549,30491
ATTCAGGATCGCCTCT-1,0,1,87,4055,30781
GCCCATGGGTGCAATG-1,0,0,88,3550,31072
TTCCCGACGCTTCACT-1,0,1,89,4056,31361
AGCGGTTGAGATGTAC-1,0,0,90,3552,31653
GCTGTCTGTGATCGAC-1,0,1,91,4058,31942
AAAGACATGAAGTTTA-1,0,0,92,3553,32234
CAACAGAATAACGCTA-1,0,1,93,4059,32523
TGCGGTCTACGAGTAA-1,0,0,94,3554,32815
AAGACTCACGCCCACT-1,0,1,95,4061,33104
CTTTGAAACATATTCC-1,0,0,96,3556,33396
CTGGGCACTAGTCGGA-1,0,1,97,4062,33685
CGCCCTTACATCCACC-1,0,0,98,3557,33977
CACGACCACAGACTTT-1,0,1,99,4063,34266
CAATCCATTATCCGTT-1,0,0,100,3559,34558
GTGGCGTGCACCAGAG-1,0,1,101,4065,34847
CGGAGTCCTAACCTGG-1,0,0,102,3560,35139
GGTCCCATAACATAGA-1,0,1,103,4066,35428
ATCTCATAAACCTACC-1,0,0,104,3561,35720
TGCATGGCAGTCTTGC-1,0,1,105,4068,36009
TTGCAGGTCATGAAGT-1,0,0,106,3563,36301
AGCTGCATTTGAGGTG-1,0,1,107,4069,36590
TAATCAGGAATGCTGC-1,0,0,108,3564,36881
CCATCATAAGAACAGG-1,0,1,109,4070,37171
TCGTATCACCAAGCTA-1,0,0,110,3566,37462
ATTCAGATGAATCCCT-1,0,1,111,4072,37752
AAAGGTCAACGACATG-1,0,0,112,3567,38043
AGCTGCTGTGCCGAAT-1,0,1,113,4073,38333
CTAGCGCCAATCCTAC-1,0,0,114,3568,38624
GCTCGACCGAACTGAA-1,0,1,115,4075,38913
ACAGTGCAGCGCATTT-1,0,0,116,3570,39205
CGGCTGAAGGTTACGC-1,0,1,117,4076,39494
CACCTCTACGAGTGTG-1,0,0,118,3571,39786
ATACGACAGATGGGTA-1,0,1,119,4077,40075
ACTTCCTGTCGTGCGA-1,0,0,120,3573,40367
CGTAACGGAACGATCA-1,0,1,121,4079,40656
AAATCACTCCTAAACG-1,0,0,122,3574,40948
CTCCGAGTAAATCCGC-1,0,1,123,4080,41237
ACGCTAGTATCAGTGC-1,0,0,124,3575,41529
AGAGTGAACAGACACC-1,0,1,125,4081,41818
ACACCCGTAAATCTGT-1,0,0,126,3577,42110
GCTTTGCTGCCGGGTA-1,0,1,127,4083,42399
ACAGGAGGCGCAGCCG-1,0,2,0,4500,5509
AGGCAATACGGAGGAC-1,0,3,1,5006,5799
TGGTGTGACAGACGAT-1,0,2,2,4501,6090
ATCTATCGATGATCAA-1,0,3,3,5007,6379
CGGTAACAAGATACAT-1,0,2,4,4503,6671
TCGCCGGAGAGTCTTA-1,0,3,5,5009,6960
GGAGGAGTGTGTTTAT-1,0,2,6,4504,7252
TTAGGTGTGACTGGTC-1,0,3,7,5010,7541
CAGGGCTAACGAAACC-1,0,2,8,4505,7833
CCCGTGGGTTAATTGA-1,0,3,9,5012,8122
GACCGACCGCTAATAT-1,0,2,10,4507,8414
GGTATCAAGCATAGAA-1,0,3,11,5013,8703
TGCATGAGTAGATTCG-1,0,2,12,4508,8995
AATTCCAACTTGGTGA-1,0,3,13,5014,9284
TGCCGATGTCATCAAT-1,0,2,14,4510,9576
GCTGGGTCCGCTGTTA-1,0,3,15,5016,9865
TGAACACCCGAAGCAG-1,0,2,16,4511,10157
AACATTGGTCAGCCGT-1,0,3,17,5017,10446
GTGGGTCTTCTTTGCG-1,0,2,18,4512,10738
CATCGAATGGATCTCT-1,0,3,19,5018,11027
GCTACACTGTCCGAAC-1,0,2,20,4514,11319
CGGGTTGTAGCTTTGG-1,0,3,21,5020,11608
CCTAAGTGTCTAACCG-1,0,2,22,4515,11899
TCTGTGACTGACCGTT-1,0,3,23,5021,12189
TTATCATACTCGCAAA-1,0,2,24,4517,12480
AGCGTAGCGCTAGACC-1,0,3,25,5023,12770
TCCCTCCGAAATCGTT-1,0,2,26,4518,13061
AGGTCGCCACTTCGGT-1,0,3,27,5024,13351
CTAGCAACTAATTTAC-1,0,2,28,4519,13642
TTGCTAGCTACCAATC-1,0,3,29,5025,13931
GCCGGTTTGGGCGGAT-1,0,2,30,4521,14223
TGTAACTTGTCAACCT-1,0,3,31,5027,14512
CGAGATGTTGCCTATA-1,0,2,32,4522,14804
GTTACGAAATCCACGC-1,0,3,33,5028,15093
CTTGTCGTACGTGTCA-1,0,2,34,4524,15385
GCGTCCAGCTCGTGGC-1,1,3,35,5030,15674
CCCTTCTCGTACGCGA-1,0,2,36,4525,15966
CCAAAGTCCCGCTAAC-1,0,3,37,5031,16255
CCGCTTCGCGGTTAAC-1,0,2,38,4526,16547
GTTACGGCCCGACTGC-1,0,3,39,5032,16836
CCCGCTTGCCCTCGTC-1,0,2,40,4528,17128
TAGTGAGAAGTGGTTG-1,0,3,41,5034,17417
CGCTACCGCCCTATGA-1,0,2,42,4529,17709
AAACAATCTACTAGCA-1,0,3,43,5035,17998
GCGCGATGGGTCAAGT-1,0,2,44,4530,18290
ATAAACCATTGGACGG-1,0,3,45,5037,18579
TCGGGCACTTCTGGAT-1,0,2,46,4532,18870
TCTGTGGCTACATTTC-1,0,3,47,5038,19160
CTCTGTGCCTGCTATG-1,0,2,48,4533,19451
CACGACTAAAGTTCTG-1,0,3,49,5039,19741
GAGGAGTAATTCCTAC-1,0,2,50,4535,20032
AGAGGTATCTCGGTCC-1,0,3,51,5041,20322
GGCGTACCCTATATAA-1,0,2,52,4536,20613
GCCGGAAACACATCTT-1,0,3,53,5042,20903
AAATGTGGGTGCTCCT-1,0,2,54,4537,21194
ACCAGGAGTGTGATCT-1,0,3,55,5044,21483
TGTGGAGGAAGCTTAA-1,0,2,56,4539,21775
AAGGAGAACTTATAAG-1,0,3,57,5045,22064
CCCTCGGGAGCCTTGT-1,0,2,58,4540,22356
ACTGTTTAGTGTAGGC-1,0,3,59,5046,22645
CGTCAGTTTATCGTCT-1,0,2,60,4542,22937
GCGTGTATGTCGTATT-1,0,3,61,5048,23226
ACAATCGATCTTTATA-1,0,2,62,4543,23518
CAGCCCTCACAGGCAG-1,0,3,63,5049,23807
CGCGTCATATTAAACC-1,0,2,64,4544,24099
GAAGACTTCAATGCCG-1,0,3,65,5051,24388
TTGCGGCGACTCATGC-1,0,2,66,4546,24680
ACCAAACTAGAAATCC-1,0,3,67,5052,24969
TTACTGTTTCTCTACG-1,0,2,68,4547,25261
GACCAGGTCATTCATA-1,0,3,69,5053,25550
TTCTTCCCTTTGATAT-1,0,2,70,4549,25842
ACGCCCAGCTGTCGAT-1,0,3,71,5055,26131
AGTAGCGTGAACGAAC-1,0,2,72,4550,26422
CCTCGACCCACTGCCT-1,0,3,73,5056,26712
AGTTATTGAAAGGTAA-1,0,2,74,4551,27003
TCAGTTACGGAATGAT-1,0,3,75,5057,27293
GAATCTATACTCGGAC-1,0,2,76,4553,27584
TCGGCTAACTTCCCTT-1,0,3,77,5059,27874
ACGTGGTCGAATGTGC-1,0,2,78,4554,28165
ATATCGTGCCAGACCC-1,0,3,79,5060,28454
GTAGCTAGTAAGCGCG-1,0,2,80,4556,28746
ACGCTTAGTGTCTCTC-1,0,3,81,5062,29035
TCCGGCCTGCATCGAT-1,0,2,82,4557,29327
TAGTGGAACTCATACA-1,0,3,83,5063,29616
ATCATCTGCCCAGTGT-1,0,2,84,4558,29908
GTTATTAAATACGACC-1,0,3,85,5064,30197
GCGCTAAGTATGCATG-1,0,2,86,4560,30489
CCTGACGCAACCTTTA-1,0,3,87,5066,30778
CCCAAGAATGCACGGT-1,0,2,88,4561,31070
AACTGGGTTCGAGCCG-1,0,3,89,5067,31359
GGTTCCACCCGCTTCT-1,0,2,90,4563,31651
CATGCACGTGTTACTG-1,0,3,91,5069,31940
AGCGTTCCGATTTAAA-1,0,2,92,4564,32232
CCTACGCGACCTTACA-1,0,3,93,5070,32521
CGAATTACATGGTGTT-1,0,2,94,4565,32813
GAGGTCTTAGTGGGTC-1,0,3,95,5071,33102
GCCGCTAGATACGCAG-1,0,2,96,4567,33394
GTCACCTGTCTATGTC-1,0,3,97,5073,33683
CCGATTGGTCAATGAA-1,0,2,98,4568,33974
CCTGTGCGGATTGTAA-1,0,3,99,5074,34264
TTACGTAGCGCGTGCT-1,0,2,100,4569,34555
GGAGGCGAAGAACCGC-1,0,3,101,5076,34845
GGGTCACGTGCTTATG-1,0,2,102,4571,35136
GCTCCGGACGTTGATA-1,0,3,103,5077,35426
ATGTTTGTAAGATCAT-1,0,2,104,4572,35717
TGACCCAGCATTCCCG-1,0,3,105,5078,36006
TGGTCGTTTGATAGAT-1,0,2,106,4574,36298
TGTAATGCCTTCGGAC-1,0,3,107,5080,36587
TGCTCACACAACAACC-1,0,2,108,4575,36879
TACGATCCAAGCCACT-1,0,3,109,5081,37168
TTGTAACTTCATAGCG-1,0,2,110,4576,37460
AGATTCAAGCGGGTCG-1,0,3,111,5083,37749
CTCAGCAGACTGCCGA-1,0,2,112,4578,38041
GTAACATCAGCTCATC-1,0,3,113,5084,38330
ATGGAACAGAATAAAC-1,0,2,114,4579,38622
GGGCCTATACAACCGG-1,0,3,115,5085,38911
TCAAACAATTAGGACA-1,0,2,116,4581,39203
AAACCACTACACAGAT-1,0,3,117,5087,39492
AAACGACAGTCTTGCC-1,0,2,118,4582,39784
TTGAGGGTCGAACGCG-1,0,3,119,5088,40073
TGTTGATCACTGTTTA-1,0,2,120,4583,40365
AGGGTGTGCTACACGC-1,0,3,121,5089,40654
GTAGTTAGACAATATA-1,0,2,122,4585,40945
AATGGCCGCCAATGCG-1,0,3,123,5091,41235
TCGGCGGTATTAGATT-1,0,2,124,4586,41526
GGGTCACTGAGTAGTG-1,0,3,125,5092,41816
GAATTATGCAACCTAC-1,0,2,126,4588,42107
GATCTTAGTGAACGTG-1,0,3,127,5094,42397
CTAATGCGCCCAACAA-1,0,4,0,5511,5507
GCCACCCATTCCACTT-1,0,5,1,6017,5796
TACTCACAACGTAGTA-1,0,4,2,5512,6088
GTTCGGTGTGGATTTA-1,0,5,3,6018,6377
TCTTTCGGCGGGACAC-1,0,4,4,5513,6669
GGAGACATTCACGGGC-1,0,5,5,6020,6958
GGGATTATCTCACAAC-1,0,4,6,5515,7250
TAGAACGCCAGTAACG-1,0,5,7,6021,7539
ACGAGTCGCCGGCGTT-1,0,4,8,5516,7831
TGATGGGACTAAGTCA-1,0,5,9,6022,8120
TGCGAGAAACGTTACG-1,0,4,10,5518,8411
TCGCCTCGACCTGTTG-1,0,5,11,6024,8701
AACTCGATAAACACGT-1,0,4,12,5519,8992
AGGAAAGCCTCTGATG-1,0,5,13,6025,9282
GAAGGACTAAATTGAA-1,0,4,14,5520,9573
GTATCGGGACGAGCTG-1,0,5,15,6026,9863
CCTGTGCATAGGAGAC-1,0,4,16,5522,10154
CATACGGGTGCATGAT-1,0,5,17,6028,10444
CCACTAAACTGAATCG-1,0,4,18,5523,10735
AAATTGCGGCGGTTCT-1,0,5,19,6029,11024
AGTCCAGCGGGTACGT-1,0,4,20,5525,11316
CATTCAGGTCAGTGCG-1,0,5,21,6031,11605
CTAAAGTCCGAAGCTA-1,0,4,22,5526,11897
AATCAGACTGCAGGAC-1,1,5,23,6032,12186
AGTATCCATAATAACG-1,0,4,24,5527,12478
CTGGCTGCTAACGTAA-1,1,5,25,6033,12767
GTTCCAAGACAGCGAC-1,0,4,26,5529,13059
AAGACTAACCCGTTGT-1,1,5,27,6035,13348
GATTAATCCTGGCTCA-1,0,4,28,5530,13640
CGCGCAAGGAACTACA-1,1,5,29,6036,13929
CAGTAGCGAGGTAGTA-1,1,4,30,5532,14221
ACGGCGGGTTGCCCTG-1,1,5,31,6038,14510
CTAGGCGGCAGAGAAT-1,1,4,32,5533,14802
GTGCGCAGCTTGCTCC-1,1,5,33,6039,15091
TCACTATCGTGCAATC-1,0,4,34,5534,15383
TATGATTCTGCTTGGT-1,0,5,35,6040,15672
TAAGATTTAGCGGGAG-1,1,4,36,5536,15963
TTACGGTGTCACCGAG-1,1,5,37,6042,16253
CTACACTAGCTTGTTC-1,1,4,38,5537,16544
TGAGCAGTCGTGAAGT-1,1,5,39,6043,16834
CGCTGAGGACGTCCAA-1,1,4,40,5538,17125
GTGTATGACTTTAAAG-1,1,5,41,6045,17415
CTAAACGGGTGTAATC-1,1,4,42,5540,17706
TGTACTGTGCCAAAGT-1,1,5,43,6046,17995
GGCCACAAGCGATGGC-1,1,4,44,5541,18287
GTCAATTGTACTGAAG-1,1,5,45,6047,18576
AGGGACAGCACGGCGG-1,1,4,46,5543,18868
AGCTTATAGAGACCTG-1,1,5,47,6049,19157
AACTAGCGTATCGCAC-1,0,4,48,5544,19449
AACTTTAGCTGCTGAG-1,1,5,49,6050,19738
CCCAAGACAGAGTATG-1,0,4,50,5545,20030
GGCATCAACGAGCACG-1,1,5,51,6052,20319
ATGCATTCCGTGATGG-1,0,4,52,5547,20611
TTATAGATGCACATTA-1,0,5,53,6053,20900
GAACCATCTGGGAGAC-1,0,4,54,5548,21192
TGCTATACAAACGGAC-1,0,5,55,6054,21481
ACTTGCCATATTGTAC-1,0,4,56,5550,21773
TATTCCGGCAGTCCTA-1,0,5,57,6056,22062
GACGGACCGCGTTCCT-1,0,4,58,5551,22354
ATGTGTAGTTTAGTCA-1,0,5,59,6057,22643
ATACCAGCAAATTGCT-1,1,4,60,5552,22935
AAGTTTACTAATGGCA-1,0,5,61,6059,23224
CTCTCGATGTGCGCCT-1,0,4,62,5554,23515
GATTGACACTCTGCTC-1,0,5,63,6060,23805
TATCACAGCACGGGCA-1,0,4,64,5555,24096
ACCGTTCCCGCTCTGA-1,0,5,65,6061,24386
CCGCCACCACAATCCA-1,0,4,66,5557,24677
CATTCACTGACAGCTA-1,0,5,67,6063,24967
CGGCTGCAAGATTAAG-1,0,4,68,5558,25258
CATGAACCTCTTATCA-1,0,5,69,6064,25547
TTAATGCGAGGTAACT-1,0,4,70,5559,25839
AATAAGTCCTCGAGAC-1,0,5,71,6065,26128
ACCAGCCCGGTCTTTG-1,0,4,72,5561,26420
CTACGAACTAGGTCGA-1,0,5,73,6067,26709
ACATCTCAACGCGTAA-1,0,4,74,5562,27001
CACTACTCAGTTCTGT-1,0,5,75,6068,27290
CCGACTCGCATAGTCT-1,0,4,76,5564,27582
CATTTATCGTTCAAGA-1,0,5,77,6070,27871
CAAACGTGGTCTTGCG-1,0,4,78,5565,28163
TAGAAACCACTAAGTA-1,0,5,79,6071,28452
ACTGATTTAGTGATTC-1,0,4,80,5566,28744
TCGTATTTCGTCCGGA-1,0,5,81,6072,29033
CGGAAATTTCACATCC-1,0,4,82,5568,29325
ATCCACGCTAAATGTT-1,0,5,83,6074,29614
GTTCAATCTATGTCAA-1,0,4,84,5569,29906
ATAAAGGTCAAGTACG-1,0,5,85,6075,30195
CAACTCCAACGTTTAG-1,0,4,86,5571,30486
TAGGAACAGCCTCCAG-1,0,5,87,6077,30776
ATGGGAACGGAAGCGG-1,0,4,88,5572,31067
CACACGTTTCAATGGG-1,0,5,89,6078,31357
GGTGTTCTGTTTCTAC-1,0,4,90,5573,31648
AGTAACGTTCATCCTG-1,0,5,91,6079,31938
GTATAGTGGCCCATGT-1,0,4,92,5575,32229
TCTACACGTTCATGCA-1,0,5,93,6081,32518
AATCTGGGTAGACCCT-1,0,4,94,5576,32810
TCGGTTAGCCATGTAG-1,0,5,95,6082,33099
TGCCATGGCTTATAAG-1,0,4,96,5577,33391
TAAGTAAATGTGCCGC-1,0,5,97,6084,33680
GTGTCCGATAAGGCAT-1,0,4,98,5579,33972
TGGCACGAGCTCGAGT-1,0,5,99,6085,34261
ACCGGTCTGAGTACGG-1,0,4,100,5580,34553
GAACTTAGCGCCCGGT-1,0,5,101,6086,34842
AGTAGCTAGACGCCGA-1,0,4,102,5582,35134
ATAGGAATCTAAGCTT-1,0,5,103,6088,35423
CTTCCTGCATATTTAC-1,0,4,104,5583,35715
CAATATGTAGATTTAC-1,0,5,105,6089,36004
ACAAGGCCTACCAGCC-1,0,4,106,5584,36296
TTATAGTCCAAGGTGC-1,0,5,107,6091,36585
AAACGCCCGAGATCGG-1,0,4,108,5586,36877
CCTCGTTACGCCTGTT-1,0,5,109,6092,37166
GAACGGTGTAAAGCAG-1,0,4,110,5587,37458
ACGCATAAATGACATG-1,0,5,111,6093,37747
GGTTCGATGCTGAGTT-1,0,4,112,5589,38038
CTTTGGCAGACAGAGT-1,0,5,113,6095,38328
TTCGTGGGCTGGAAGC-1,0,4,114,5590,38619
CAAAGGTTAAATTCAG-1,0,5,115,6096,38909
GTTTGGCGTCAGGCAC-1,0,4,116,5591,39200
GCTTTCTATCTCAACT-1,0,5,117,6097,39490
TGCATCTCCGGATCTT-1,0,4,118,5593,39781
CTGAAACGGCCCTCAG-1,0,5,119,6099,40070
TAGCAGTAAATACGCG-1,0,4,120,5594,40362
CGGGCTACTTAAATTG-1,0,5,121,6100,40651
ATTATGCTCAGTATTG-1,0,4,122,5596,40943
TGATGCTCACGTAGTC-1,0,5,123,6102,41232
GTCTAAGATGCCCAGC-1,0,4,124,5597,41524
AACCCGATAGGGCTTC-1,0,5,125,6103,41813
CGCTATCGTGGCTTTA-1,0,4,126,5598,42105
CGTCTCTCGCCGAGGC-1,0,5,127,6104,42394
AGTGGGAGTATACACG-1,0,6,0,6521,5504
GGTCTTGGTGTTAACT-1,0,7,1,7028,5794
GGCTGGCAGCTTTATG-1,0,6,2,6523,6085
CGCCAATTATTGCGTT-1,0,7,3,7029,6375
GGTAACCGGCAAAGGT-1,0,6,4,6524,6666
TGGGACCATTGGGAGT-1,0,7,5,7030,6956
CTGCAGGTGCTCGGCC-1,0,6,6,6526,7247
CCGGTGCGAGTGATAG-1,0,7,7,7032,7536
GGGTACACTCTGGAGG-1,0,6,8,6527,7828
TAGCCAGAGGGTCCGG-1,0,7,9,7033,8117
CTTGTGAGGACAGCGG-1,0,6,10,6528,8409
GAAGGGCATAACCATG-1,0,7,11,7035,8698
CAACATGGCCTGATAA-1,0,6,12,6530,8990
CAATTTGACCGGGAAG-1,1,7,13,7036,9279
TCTGACTGTAATGGTT-1,0,6,14,6531,9571
TTCATAGCCTTGTAAC-1,1,7,15,7037,9860
TGGAAACGGAGTGAAC-1,0,6,16,6533,10152
ATCGCACGATTGTTCA-1,1,7,17,7039,10441
CGCCACCCGCATTAAC-1,0,6,18,6534,10733
TGGACCACGGCGTTGA-1,1,7,19,7040,11022
GTATATGTTACGGCGG-1,1,6,20,6535,11314
GTATTCTTACCGTGCT-1,1,7,21,7041,11603
TTCAGAGTAACCTGAC-1,1,6,22,6537,11895
GCGGTAACCCAAATGA-1,1,7,23,7043,12184
CTACGTGTTGCCACCA-1,1,6,24,6538,12476
CTAGATAAACTCCTCG-1,1,7,25,7044,12765
TCCATTAGTTGGATAG-1,1,6,26,6540,13056
CTGGCTCCTGCGGGAT-1,1,7,27,7046,13346
CAGTCTCTCGGCTAAT-1,1,6,28,6541,13637
GTATGACGTGGGAAAC-1,1,7,29,7047,13927
AGTCACTCCGCCTCAT-1,1,6,30,6542,14218
GCAGCGGTGGGCATTA-1,1,7,31,7048,14508
TATGGAGTTTCTCGTT-1,1,6,32,6544,14799
ACTCAACGAATGTATT-1,1,7,33,7050,15088
AACACGCGGCCGCGAA-1,1,6,34,6545,15380
CGATATTAGCCGCAGG-1,1,7,35,7051,15669
AGCGTCTGAACCCGCA-1,0,6,36,6547,15961
GATGTCCGGATCACAT-1,1,7,37,7053,16250
GGTCACGTTAGATTCA-1,1,6,38,6548,16542
TTAAGGATACGGAGGT-1,1,7,39,7054,16831
GTGCGGGACCATCGGC-1,1,6,40,6549,17123
CCATCTTGTTCACAAT-1,1,7,41,7055,17412
TCCGAGAAGGCTAAGC-1,1,6,42,6551,17704
TGGCGGTGTGCGATTG-1,1,7,43,7057,17993
ATCCTGCTGCAGATAG-1,1,6,44,6552,18285
TTATGCGTCCCGGTCC-1,1,7,45,7058,18574
CATAATGAGCGGGCGA-1,1,6,46,6553,18866
AGACATAGATCCTTCC-1,1,7,47,7060,19155
GGTGAAACCGGGAATG-1,1,6,48,6555,19447
AACTGGTGTGGGCCTT-1,1,7,49,7061,19736
GTAGCGCTGTTGTAGT-1,1,6,50,6556,20027
TTGTTTGTGTAAATTC-1,1,7,51,7062,20317
GGATCAAAGGACGAGG-1,1,6,52,6558,20608
CGTAGCGCCGACGTTG-1,1,7,53,7064,20898
CAAGTGAACTTTGGTT-1,1,6,54,6559,21189
GTAGACAACCGATGAA-1,1,7,55,7065,21479
CAATGGTCGGCCTGGG-1,1,6,56,6560,21770
ACAGATTAGGTTAGTG-1,1,7,57,7067,22060
GTTATCACCTTCTGAA-1,0,6,58,6562,22351
TGGTATCGGTCTGTAT-1,0,7,59,7068,22640
GGAATAACCTCAAGAA-1,0,6,60,6563,22932
ATTATCTCGACAGATC-1,0,7,61,7069,23221
CCGAGGGATGTTAGGC-1,0,6,62,6565,23513
TGAGATCAAATACTCA-1,0,7,63,7071,23802
AAACGAAGAACATACC-1,0,6,64,6566,24094
CTGGTCCTAACTTGGC-1,0,7,65,7072,24383
TGCACGAGTCGGCAGC-1,0,6,66,6567,24675
ATAGTCTTTGACGTGC-1,0,7,67,7073,24964
TGGAGCTAAAGTTCCC-1,0,6,68,6569,25256
GGGTGGTCCAGCCTGT-1,0,7,69,7075,25545
CATGCATGGAGACCCT-1,0,6,70,6570,25837
ACACGGCACTATGCAT-1,0,7,71,7076,26126
CCCTGGTATGGGCGGC-1,0,6,72,6572,26418
GGAGGATTGAAAGGAG-1,0,7,73,7078,26707
CCGCTGGTGCCATTCA-1,0,6,74,6573,26999
GTTAGAGTGTGCCGCT-1,0,7,75,7079,27288
TCGGAATGACCATCAA-1,0,6,76,6574,27579
TTCAATTAGCCATAAT-1,0,7,77,7080,27869
GATGTGTTGTCACAAG-1,0,6,78,6576,28160
TCTTTCTCTTAAGGAG-1,0,7,79,7082,28450
ACCCTTTAGTTCTCCA-1,0,6,80,6577,28741
ACCACAACTCAGAACA-1,0,7,81,7083,29031
TATGATAAATCTAACG-1,0,6,82,6579,29322
GATCCTCTTGCGCTTA-1,0,7,83,7085,29611
TTCTACCTTTATGTTG-1,0,6,84,6580,29903
GAAATACCTGCTGGCT-1,0,7,85,7086,30192
ATTCTGAGTATGAACT-1,0,6,86,6581,30484
GGATTAAGCTAAGGTC-1,0,7,87,7087,30773
AGTACGTGGCCTGTCT-1,0,6,88,6583,31065
TCAGGGTGCACGAAAC-1,0,7,89,7089,31354
AAATTTACCGAAATCC-1,0,6,90,6584,31646
TTGAGGCATTTAACTC-1,0,7,91,7090,31935
AACCAGTATCACTCTT-1,0,6,92,6585,32227
CACCGGAGATATCTCC-1,0,7,93,7092,32516
GACTGGGCGCCGCAAC-1,0,6,94,6587,32808
CACGTCTATGATGTGG-1,0,7,95,7093,33097
TTAAGACGAACGAACC-1,0,6,96,6588,33389
TGACCAGCTTCAAAGT-1,0,7,97,7094,33678
AGAGTTAGAGACCGAT-1,0,6,98,6590,33970
TTCGGACTGATGCCTT-1,0,7,99,7096,34259
CTCGAATGGAACGTAT-1,0,6,100,6591,34551
GGACGGCTTGCGCAAC-1,0,7,101,7097,34840
CTAAGTACAGGGCTAC-1,0,6,102,6592,35131
ACAAATTCAGATCTGA-1,0,7,103,7099,35421
CATGGAAATGGGACCA-1,0,6,104,6594,35712
GGTGGACCACGTGTTA-1,0,7,105,7100,36002
CACGACGTAATAGTAA-1,0,6,106,6595,36293
CGGGTTCGGCACGTAT-1,0,7,107,7101,36583
CTGGGCTATCCTTTGG-1,0,6,108,6597,36874
GTATTAGGGTTCGCGT-1,0,7,109,7103,37163
TCATTCGTATAATTTG-1,0,6,110,6598,37455
AATAGCAAGCCTCCTG-1,0,7,111,7104,37744
CATCTACCCGAGAACG-1,0,6,112,6599,38036
GCTTCAGTGGGATTAC-1,0,7,113,7106,38325
TCTGTGATGGAGGTTG-1,0,6,114,6601,38617
ATCCACTTTCAGACTA-1,0,7,115,7107,38906
ATGGTTACGAAACATG-1,0,6,116,6602,39198
GGCCCAATCTAGAGGG-1,0,7,117,7108,39487
GATGGTGAAATAACCC-1,0,6,118,6604,39779
AGAGGGACAATTGTCC-1,0,7,119,7110,40068
CGCGTACATTCTGGAA-1,0,6,120,6605,40360
CAAGAAACCCTAAACT-1,0,7,121,7111,40649
TTGGTGCGGTGTTGAA-1,0,6,122,6606,40941
GGTTCCCTAGTGTCTC-1,0,7,123,7112,41230
CGATAACCAATTTGAG-1,0,6,124,6608,41522
GCCCACTGGTCCACAA-1,0,7,125,7114,41811
GAGGGCCGGCAGAGTC-1,0,6,126,6609,42102
CGACACGGATGCCCAC-1,0,7,127,7115,42392
CTGTCTGTGGCTGGCT-1,0,8,0,7532,5502
ATATTATCCCGTATTT-1,0,9,1,8038,5791
GCGCTGGCGGAAAGTC-1,0,8,2,7534,6083
ATCTAACGTCCCTATG-1,0,9,3,8040,6372
GTCAGACAGCGTTGGA-1,0,8,4,7535,6664
GCCAGGCTTAGTGGTA-1,0,9,5,8041,6953
ATTCAAAGTACCTGTT-1,0,8,6,7536,7245
TGGACGTAGGCGAATC-1,0,9,7,8043,7534
ACACATTGACGCAACA-1,0,8,8,7538,7826
GATATCAGTATGTATC-1,1,9,9,8044,8115
TGGGCCTTGCCTGCAT-1,1,8,10,7539,8407
CAAAGTCAGGTTAGCT-1,1,9,11,8045,8696
GGATCCCTACCAGCTA-1,1,8,12,7541,8988
ATCGTCCAATCGAGTC-1,1,9,13,8047,9277
ACATGGCTCAATTTAG-1,1,8,14,7542,9568
AGGCCCAGTGACTGGT-1,1,9,15,8048,9858
GCTTCCAGCTTAGATT-1,1,8,16,7543,10149
TGCTTGAAACCATGCA-1,1,9,17,8049,10439
CAATATTGGACTAGTG-1,1,8,18,7545,10730
CGTGCTGGCCTAGTCG-1,1,9,19,8051,11020
CCTGCGATAGAACTGT-1,1,8,20,7546,11311
GGGTAATGCTGTGTTT-1,1,9,21,8052,11601
AACGCGAACGGCAACA-1,1,8,22,7548,11892
TGTCGGCATGGTGGAA-1,1,9,23,8054,12181
AGCGTACGAGAGCTAG-1,1,8,24,7549,12473
ATACTCTCGCCACTCT-1,1,9,25,8055,12762
AATCCATGCAAGGGTG-1,1,8,26,7550,13054
TTAAACAGAGTCCCGC-1,1,9,27,8056,13343
CCACAGCTGAAATCAT-1,1,8,28,7552,13635
CGGTTCCGGCTTCTTG-1,1,9,29,8058,13924
GACGTGAGACTCCATG-1,1,8,30,7553,14216
TCGTTGGCTCGTCAAT-1,1,9,31,8059,14505
GGTGAACGGGCTAGCC-1,1,8,32,7555,14797
GCACTGTGCAAATGTA-1,1,9,33,8061,15086
ACGAGAACCCATCACG-1,1,8,34,7556,15378
CCAGCTACGCCTCATA-1,1,9,35,8062,15667
TCCCGGTCAGGAATTT-1,1,8,36,7557,15959
TCGCATTCAATGACTT-1,1,9,37,8063,16248
CTGGTTCAACGCATCA-1,1,8,38,7559,16540
GGTGATTTCATCTTGT-1,1,9,39,8065,16829
CACCCTTTCCTCGCTC-1,1,8,40,7560,17120
CAACTTGTAGTGGGCA-1,1,9,41,8066,17410
AATATCAAGGTCGGAT-1,1,8,42,7561,17701
ACTCAGACCTGCTTCT-1,1,9,43,8068,17991
TTGGAGTCTCCCTTCT-1,1,8,44,7563,18282
GGATACTCATGAATTG-1,1,9,45,8069,18572
TGGGCACAAACAGAAC-1,1,8,46,7564,18863
GAGCCACGGTAGTAGG-1,1,9,47,8070,19152
TCGATAGGCTAGTCGC-1,1,8,48,7566,19444
TAACCGCCCGCAGTGC-1,1,9,49,8072,19733
GCCTATTTGCTACACA-1,1,8,50,7567,20025
TTGACGATTCAGCACG-1,1,9,51,8073,20314
TTAAACCGGTAGCGAC-1,1,8,52,7568,20606
ACCGAAAGGGCCCTGC-1,1,9,53,8075,20895
ACGTTCCGCGCTCCGT-1,1,8,54,7570,21187
ATACCAGGCTAATAGA-1,1,9,55,8076,21476
CGGCTTTGTATGATAA-1,1,8,56,7571,21768
CTTGACCCGAAAGATA-1,1,9,57,8077,22057
CGCAGAAACATTTGCG-1,1,8,58,7573,22349
GACCCGTCGCCGGCTA-1,1,9,59,8079,22638
AATCGGGACACTACGA-1,1,8,60,7574,22930
GTCACAAAGTTTCCAA-1,1,9,61,8080,23219
TATATTCGCGTCGATA-1,0,8,62,7575,23511
CCTCCCGACAATCCCT-1,1,9,63,8082,23800
CGACATGCGATCTTCT-1,0,8,64,7577,24092
AACACGACTGTACTGA-1,0,9,65,8083,24381
CCCAACCACACTAACA-1,0,8,66,7578,24672
CACCGCCGACCAGCGA-1,0,9,67,8084,24962
TGGTATCGCATCCCAA-1,0,8,68,7580,25253
CAGAGTGATTTAACGT-1,0,9,69,8086,25543
AACCCTGGTGGAACCA-1,0,8,70,7581,25834
GTCAGTTGTGCTCGTT-1,0,9,71,8087,26124
ATTGACGTAACTCGGT-1,0,8,72,7582,26415
GATGTCGGTCAACTGC-1,0,9,73,8088,26704
AGGGCAGCGGCGTGGT-1,0,8,74,7584,26996
ACATCGTTAACCTAGT-1,0,9,75,8090,27285
TCCATTGTGACCTCGT-1,0,8,76,7585,27577
TGTTTAATACTTCATC-1,0,9,77,8091,27866
TTGCTGGCCGGGCTTC-1,0,8,78,7587,28158
CATATTATTTGCCCTA-1,0,9,79,8093,28447
CTGCCTAGCCACCAAG-1,0,8,80,7588,28739
ACGAGATATTTGCTTA-1,0,9,81,8094,29028
GACTACAATTGCTCGT-1,0,8,82,7589,29320
AACGTGATGAAGGACA-1,0,9,83,8095,29609
ACTCTCTTATACACGA-1,0,8,84,7591,29901
CGCATCATGGCTTCAG-1,0,9,85,8097,30190
CGGCTCTTCGTCGAAC-1,0,8,86,7592,30482
ATTCTTCGTACTTATG-1,0,9,87,8098,30771
AGTGAGGGTTTCTGAC-1,0,8,88,7594,31063
GCCAGGCGTTCGCATG-1,0,9,89,8100,31352
GACTAACACAGCACCT-1,0,8,90,7595,31643
CAATGGAATCTACATA-1,0,9,91,8101,31933
GTGGTCAGCGAAGTAT-1,0,8,92,7596,32224
ATGGCTGGAAATGGCC-1,0,9,93,8102,32514
ATCAGGTCGCCATTGC-1,0,8,94,7598,32805
TATCACCATGTAAAGT-1,0,9,95,8104,33095
AGCGCTTATGGGCAAG-1,0,8,96,7599,33386
AAGCGGCGTCATGGGT-1,0,9,97,8105,33675
ACTAATACGTCAGGCG-1,0,8,98,7600,33967
GGCTGAGCATCGTAAG-1,0,9,99,8107,34256
CGGTTGGGTTCAAGTT-1,0,8,100,7602,34548
GACTGATTGGTCACAA-1,0,9,101,8108,34837
AGACGGGCCGATTTAA-1,0,8,102,7603,35129
ACCAGTGCCCGGTCAA-1,0,9,103,8109,35418
GTCCTTTAATGACTTC-1,0,8,104,7605,35710
CCTACAAGTCCGGAAT-1,0,9,105,8111,35999
GCCTGCTACACTGAGA-1,0,8,106,7606,36291
GACTCGGTCGGCGGAT-1,0,9,107,8112,36580
CTAGACATATATGTAG-1,0,8,108,7607,36872
TCGCCCAACTGACTCC-1,0,9,109,8114,37161
AAACTAACGTGGCGAC-1,0,8,110,7609,37453
AACTGAGGTCAGCGTC-1,0,9,111,8115,37742
ACAATGATTCTTCTAC-1,0,8,112,7610,38034
ATAAGTACCCGATTGT-1,0,9,113,8116,38323
ATTGGGAGTTCTGTAA-1,0,8,114,7612,38615
CGAACATAGTCAGAAA-1,0,9,115,8118,38904
TAGCTCAGATCCTAGT-1,0,8,116,7613,39195
GTGTCGTATTCACCTT-1,0,9,117,8119,39485
CTCACCGATCCAAACT-1,0,8,118,7614,39776
ATATGTGCACAAACCA-1,0,9,119,8120,40066
CAGTCCAACGCCTTCT-1,0,8,120,7616,40357
TCGTCCGGGTACACTC-1,0,9,121,8122,40647
GCAGAAACGTAATCCA-1,0,8,122,7617,40938
TTCGAGCCGGCGCTAC-1,0,9,123,8123,41227
GGAAGATAAGACTGTA-1,0,8,124,7619,41519
ATAAGCAAACACCGAG-1,0,9,125,8125,41808
GCATAAATTGAACGCC-1,0,8,126,7620,42100
CGCCGGTGTCGCAGTA-1,0,9,127,8126,42389
GACCTGGTCTGGGCGT-1,0,10,0,8543,5500
AGCCGCTTGATTAGCG-1,0,11,1,9049,5789
CCCGGCTAGGTGAGAA-1,0,10,2,8544,6081
CGAGCCGAGCACTCGA-1,1,11,3,9051,6370
TAGTGCTTGAATCCTT-1,0,10,4,8546,6661
CAACCGCACCTAGACA-1,1,11,5,9052,6951
ACCACTGTTCAAGAAG-1,1,10,6,8547,7242
AGATGCTATAACGAGC-1,1,11,7,9053,7532
AATTACTCGTACGCTC-1,1,10,8,8549,7823
CGTCAATCTTTAACAT-1,1,11,9,9055,8113
CCAAAGCAGTTGGTTG-1,1,10,10,8550,8404
CCATATTGGATCATGA-1,1,11,11,9056,8693
CGTACCGAAAGTCTAG-1,1,10,12,8551,8985
CTCGAGATCCAAAGCA-1,1,11,13,9058,9274
TGGATAGAGTAACAGA-1,1,10,14,8553,9566
TCACAGATCCTCAAAC-1,1,11,15,9059,9855
AGAGCTACGAAAGCAT-1,1,10,16,8554,10147
TGCGTGATTGGGTGTC-1,1,11,17,9060,10436
CACATGTTTGGACATG-1,1,10,18,8556,10728
TTCGCATCCGGAAGCA-1,1,11,19,9062,11017
CCCTAGTGTCAGGTGT-1,1,10,20,8557,11309
TTACCGCCTTAGGGAA-1,1,11,21,9063,11598
CCAGTCCATTATTCGA-1,1,10,22,8558,11890
CGTAAACGCTTGAGTG-1,1,11,23,9064,12179
ATTCCTTCCAGGCGGT-1,1,10,24,8560,12471
TTCCTTTCTGTGTTGC-1,1,11,25,9066,12760
AGTTGACATCGGCTGG-1,1,10,26,8561,13052
AACTCGATGGCGCAGT-1,1,11,27,9067,13341
GATAAGGCAGATGCAA-1,1,10,28,8563,13633
GGCTGGCTAGCTTAAA-1,1,11,29,9069,13922
CCTCATGCAGCTACGA-1,1,10,30,8564,14213
GACGCCTGTTGCAGGG-1,1,11,31,9070,14503
TAATTAGATGGATATG-1,1,10,32,8565,14794
GAGGGCATCGCGTATC-1,1,11,33,9071,15084
CTTGTGAGTCTTTGAC-1,1,10,34,8567,15375
TCAACACATTGGGTAA-1,1,11,35,9073,15665
ACTGTATACGCGAGCA-1,1,10,36,8568,15956
GTGAAACGTGCTCCAC-1,1,11,37,9074,16245
CGAGTGCTATAGTTCG-1,1,10,38,8570,16537
GTACTGCATGAAGCGT-1,1,11,39,9076,16826
GTAACTTGCGGCAGTC-1,1,10,40,8571,17118
GAATCGCCGGACACGG-1,1,11,41,9077,17407
GGGAGTAATGGCTGGC-1,1,10,42,8572,17699
CATGAACCGACATTTG-1,1,11,43,9078,17988
TCTGTCATACAAGAGC-1,1,10,44,8574,18280
GTCGTCAATTATAAGG-1,1,11,45,9080,18569
TAAAGAGCCCGAAACC-1,1,10,46,8575,18861
GTACTGAGGTCGTAAC-1,1,11,47,9081,19150
AAAGACCCAAGTCGCG-1,1,10,48,8576,19442
CGTCAGTGCGCACAAG-1,1,11,49,9083,19731
TGTATCCTTATTCCAT-1,1,10,50,8578,20023
ATTCTCGTCTCTTTAG-1,1,11,51,9084,20312
AAAGTCACTGATGTAA-1,1,10,52,8579,20604
TGTCTACAGTTTCTGT-1,1,11,53,9085,20893
TTAACGTCGCAAGACC-1,1,10,54,8581,21184
CTATGTCTATTGAAAC-1,1,11,55,9087,21474
TCGGGTGAAACTGCTA-1,1,10,56,8582,21765
TGTCCCGACATAGCAC-1,1,11,57,9088,22055
ACAGCATAGAGCCAGT-1,1,10,58,8583,22346
ATATTCCCACAGGTCA-1,1,11,59,9090,22636
TTGGATCGACTTCTGG-1,1,10,60,8585,22927
CACCATCGGAGGAGAC-1,1,11,61,9091,23216
TCGTTCGTTATTATGT-1,1,10,62,8586,23508
CTTAACTTCGAAGTAC-1,1,11,63,9092,23797
GCACAAGTGTCGGAAG-1,1,10,64,8588,24089
TACCAGCTAGGTTTAA-1,1,11,65,9094,24378
ACGTACAGATTTCTCT-1,1,10,66,8589,24670
AATTTGGTTCCAAAGA-1,0,11,67,9095,24959
GTAAGGATTTGTCGGA-1,0,10,68,8590,25251
CATCATCTACCCGGAC-1,0,11,69,9096,25540
ACGATGGATCCGATGC-1,0,10,70,8592,25832
CACTCAGCTCTTGAGG-1,0,11,71,9098,26121
TAGATCCGAAGTCGCA-1,0,10,72,8593,26413
TGAAACTTATGCAAGC-1,0,11,73,9099,26702
GCGATTCTGGAAGCAG-1,0,10,74,8595,26994
CAAACTATTGAGCTTC-1,0,11,75,9101,27283
TAGAATTAAGGGCAAC-1,0,10,76,8596,27575
CGAAACATAGATGGCA-1,0,11,77,9102,27864
GATGGTGCCCTAGGCA-1,0,10,78,8597,28156
CCCGCAGGGCCCAAAG-1,0,11,79,9103,28445
ACAGCGCACCCGCAGC-1,0,10,80,8599,28736
GGTAAATGTGCGTTAC-1,0,11,81,9105,29026
GTCCTTCTAGTGGGTT-1,0,10,82,8600,29317
GGAAGCTCGCTTACAG-1,0,11,83,9106,29607
CACCGATACACCGAGC-1,0,10,84,8602,29898
CAGCCGGGCCCTCTAT-1,0,11,85,9108,30188
CGGAGCTTATAACACC-1,0,10,86,8603,30479
ATTACAACTACCGGCC-1,0,11,87,9109,30768
TCCTCTGGCCCATTAG-1,0,10,88,8604,31060
CGGCACCGTTAGCGCC-1,0,11,89,9110,31349
TCGGTCCCTGACTCCA-1,0,10,90,8606,31641
TGGTTGGAGGATCCTG-1,0,11,91,9112,31930
CTGCGGTAGTCACGTG-1,0,10,92,8607,32222
GTGCCTCAGTGTACGG-1,0,11,93,9113,32511
ATCGTTCACTTTCGCC-1,0,10,94,8608,32803
ACTTACCGGGCGCGCA-1,0,11,95,9115,33092
CTAGACTGCATTTCGT-1,0,10,96,8610,33384
TTGCCGGTGATCCCTC-1,0,11,97,9116,33673
CTGTCACGCCAGGCGC-1,0,10,98,8611,33965
CGGTATAGGTATTAGC-1,0,11,99,9117,34254
CCAACGCTTGCCAGGG-1,0,10,100,8613,34546
CGTTGAGTAATTGCGT-1,0,11,101,9119,34835
TGTATTTACCTAATGC-1,0,10,102,8614,35127
TAAATGCCGTCTCATG-1,0,11,103,9120,35416
CGGTTTATGAAGGAAC-1,0,10,104,8615,35708
GCAAGATGTGTTCGCG-1,0,11,105,9122,35997
AAAGGTAAGCTGTACC-1,0,10,106,8617,36288
GTACGTCACGTATTAA-1,0,11,107,9123,36578
AGTACCTTCGAGTGCT-1,0,10,108,8618,36869
ATTGTGACTTCGCTGC-1,0,11,109,9124,37159
TGTATCAGACTGAAGC-1,0,10,110,8620,37450
GAGACCCTGCAACGCC-1,0,11,111,9126,37740
TGGGTGGGATGTCATT-1,0,10,112,8621,38031
GGCTAATGATTGAAAT-1,0,11,113,9127,38320
ATAACGTTACCTCCAC-1,0,10,114,8622,38612
TGCGAGATGGCGGCCA-1,0,11,115,9129,38901
CACACTTGTATTGCGA-1,0,10,116,8624,39193
GCTGGTGACTCGTAGT-1,0,11,117,9130,39482
CGACACCGCTTAAGGA-1,0,10,118,8625,39774
GTAACAACTGACCTTG-1,0,11,119,9131,40063
CAACTGAGGGTATGAC-1,0,10,120,8627,40355
CTAATTATGAAGCGTA-1,0,11,121,9133,40644
CCGATCTTAAGAGGCT-1,0,10,122,8628,40936
CGACTCGGTACACGGT-1,0,11,123,9134,41225
TGCTGCGTCAGAGTTA-1,0,10,124,8629,41517
AGAGTTGCAGGCCTCC-1,0,11,125,9135,41806
ACTGGCGAACCTGCGT-1,0,10,126,8631,42098
ACTAAGGACGCACACC-1,0,11,127,9137,42387
CGTCCAGATGGCTCCA-1,0,12,0,9554,5497
ACTATCGCCGGCTAAA-1,1,13,1,10060,5786
GATAGCGTACCACGCG-1,1,12,2,9555,6078
AGGACTTATAGGAGAA-1,1,13,3,10061,6367
TAGTCGGGATTCTTCG-1,1,12,4,9557,6659
ACCATTAAGGGTGTCA-1,1,13,5,10063,6948
TTAATGTGTTTGCAGG-1,1,12,6,9558,7240
TCCGCAGCCACCTAGC-1,1,13,7,10064,7529
GAGGAGATCCTCATGC-1,1,12,8,9559,7821
GGTCCTTCATACGACT-1,1,13,9,10066,8110
CCCTGTTGGCAAAGAC-1,1,12,10,9561,8402
GTGCCTAGCTATGCTT-1,1,13,11,10067,8691
GTCATCTCCTACAGCT-1,1,12,12,9562,8983
GCGAGAAACGGGAGTT-1,1,13,13,10068,9272
CGTCGCGGCGGGATTT-1,1,12,14,9564,9564
CATTGTGTGCTAGATC-1,1,13,15,10070,9853
CGCGGCAGTATTACGG-1,1,12,16,9565,10145
GAAATGGGATGTAAAC-1,1,13,17,10071,10434
CATTCCCTAAGTACAA-1,1,12,18,9566,10725
AGTTCTGCGTTGTATC-1,1,13,19,10072,11015
ACCCTATAGGACTGAG-1,1,12,20,9568,11306
TTAGATAGGTCGATAC-1,1,13,21,10074,11596
ATTGATAGCAACGAGA-1,1,12,22,9569,11887
TCTCGGCTCCAGGACT-1,1,13,23,10075,12177
CTTGAGGTTATCCCGA-1,1,12,24,9571,12468
AAGAAGGATCAGTTAG-1,1,13,25,10077,12758
GTACGACGGCGCTGCG-1,1,12,26,9572,13049
CTTATGTTGACTACCA-1,1,13,27,10078,13338
CGGCACTCAAGAAAGT-1,1,12,28,9573,13630
GTCAAAGTTTACATAG-1,1,13,29,10079,13919
CTCCTAAGTTATGTCT-1,1,12,30,9575,14211
ACTGTGCTAGTAGATC-1,1,13,31,10081,14500
GTTTGGCCGCTCAGCG-1,1,12,32,9576,14792
TTATCCAATCGAACTC-1,1,13,33,10082,15081
CCGTACCCAAGCGCCA-1,1,12,34,9578,15373
CATACAAAGCCGAACC-1,1,13,35,10084,15662
GGTCGGTAATTAGACA-1,1,12,36,9579,15954
AGCGGGAAGGGTCCAT-1,1,13,37,10085,16243
GCCCACCAAGGCTGTC-1,1,12,38,9580,16535
GTAGACGTCGTTACAT-1,1,13,39,10086,16824
GAGCATCATCCCTGGG-1,1,12,40,9582,17116
AGGTAACCTCCTATTC-1,1,13,41,10088,17405
GGTTTGAGTGCTGGAA-1,1,12,42,9583,17697
GCACTAGTCGCGCTAT-1,1,13,43,10089,17986
GGTAACTATGTATCTG-1,1,12,44,9584,18277
GCGGTCCCTAGACGCA-1,1,13,45,10091,18567
CGAGCGTTGATCAGCC-1,1,12,46,9586,18858
AATCCAAGGGCCTGAG-1,1,13,47,10092,19148
CCGTGCCCATGACGGC-1,1,12,48,9587,19439
GAAATTCACATCGCTG-1,1,13,49,10093,19729
CTCTGCGAAGCAAGCA-1,1,12,50,9589,20020
AGTAGGTAACATACAT-1,1,13,51,10095,20309
ATTGGGAATATCTTGG-1,1,12,52,9590,20601
TAGAGCTACGAAGAAC-1,1,13,53,10096,20890
TGCGGCATAGTTCAAC-1,1,12,54,9591,21182
CCGCCGGTCAACACAC-1,1,13,55,10098,21471
TCGTATAGTGCAATTA-1,1,12,56,9593,21763
TAGTTTATTCTTGCTT-1,1,13,57,10099,22052
GATATCTCATGCAATA-1,1,12,58,9594,22344
CGTTTAAGCGGAGCAC-1,1,13,59,10100,22633
CATGCTGGCTCCAATT-1,1,12,60,9596,22925
GAAACAGCCATGCAGT-1,1,13,61,10102,23214
AGTTTCGCAGGTCGGA-1,1,12,62,9597,23506
CTCATGGCTCACAATC-1,1,13,63,10103,23795
AACCGTTGTGTTTGCT-1,1,12,64,9598,24087
ACCCTTCATCTGCGAA-1,1,13,65,10105,24376
TGCGGTGAAATTTCAT-1,1,12,66,9600,24668
CAAATTGTCAGCAAGC-1,1,13,67,10106,24957
GAGGTACATCCATCTT-1,1,12,68,9601,25249
AAATGGCATGTCTTGT-1,1,13,69,10107,25538
TCATCCCAGAGGGTGG-1,1,12,70,9603,25829
CGTAGCGAATTGTCAG-1,1,13,71,10109,26119
CCTAGTTAGTCGCATG-1,0,12,72,9604,26410
GAAACTCTAATGAAGG-1,0,13,73,10110,26700
TTGTATCACACAGAAT-1,0,12,74,9605,26991
TTCAAGCCGAGCTGAG-1,0,13,75,10111,27281
AGGTACGATATTGCCA-1,0,12,76,9607,27572
TTAAGCCGACAACTTC-1,0,13,77,10113,27861
GTCTTAGTACAGCCGG-1,0,12,78,9608,28153
TGGGTAAGGTTCCCGC-1,0,13,79,10114,28442
CTACGCCATTTCCGAT-1,0,12,80,9610,28734
GACCGTCAGGTCGTGA-1,0,13,81,10116,29023
TAGTTAAGATAGGATA-1,0,12,82,9611,29315
GAATATTCGGAGTCCC-1,0,13,83,10117,29604
CAAACTACGATAGAGA-1,0,12,84,9612,29896
CAGGAAGACTTTATAT-1,0,13,85,10118,30185
TTCGTAATCCCAGCGG-1,0,12,86,9614,30477
GTGAGGAGCGGTTGAG-1,0,13,87,10120,30766
CAATCCCTATACCAGC-1,0,12,88,9615,31058
AGGGAAACGAGGTACT-1,0,13,89,10121,31347
TCCTGCCAACTGGAGA-1,0,12,90,9617,31639
AATTTGGGACATAGTA-1,0,13,91,10123,31928
AACTCCTAATCCCATG-1,0,12,92,9618,32220
GCTCATTACTGCATGT-1,0,13,93,10124,32509
TCTCGAACGAGGTCAC-1,0,12,94,9619,32800
TCACTACGACCAATGC-1,0,13,95,10125,33090
GTGATGCACAACATCT-1,0,12,96,9621,33381
CCGACGTAAACACAAC-1,0,13,97,10127,33671
TGGGATGCACTCATTC-1,0,12,98,9622,33962
TTCCATCATGCGGTGA-1,0,13,99,10128,34252
TGCACAGTGAAGTTAT-1,0,12,100,9623,34543
CTATTGTGTTTGGTCA-1,0,13,101,10130,34832
TGCGAGCCCTTCCGCG-1,0,12,102,9625,35124
TTGAAAGGTGTAAAGG-1,0,13,103,10131,35413
GGTGCAGAGCCTATCG-1,0,12,104,9626,35705
ACTATATGCTGTGTTC-1,0,13,105,10132,35994
TCCTGGCGCTGCCTGG-1,0,12,106,9628,36286
GAGCCGAGCGTTTATT-1,0,13,107,10134,36575
AGAATGCGGGTTCGGA-1,0,12,108,9629,36867
ATGCGACAATTGGTCC-1,0,13,109,10135,37156
TTCCGGCTCGACTTCT-1,0,12,110,9630,37448
TGATTATGGCACGCAG-1,0,13,111,10137,37737
GGTTTGACAAGAAGCT-1,0,12,112,9632,38029
GCAGCTATGGACAGGT-1,0,13,113,10138,38318
CACCATGATCGCAAAG-1,0,12,114,9633,38610
GTCGGAAGGATACCAG-1,0,13,115,10139,38899
GGCCCAGTTATCAGCA-1,0,12,116,9635,39191
GGGCCTATTTAAGTAT-1,0,13,117,10141,39480
GTTGTTACATTGCGCT-1,0,12,118,9636,39772
CAACTCCGTAACTTGC-1,0,13,119,10142,40061
GATCTTTGCTCAAAGA-1,0,12,120,9637,40352
TCGCTTAATTACGAAG-1,0,13,121,10143,40642
CGATCATTAGAGGCAC-1,0,12,122,9639,40933
TGTTCTCTACTCCCTA-1,0,13,123,10145,41223
GCTTAGGGAAGCGGTA-1,0,12,124,9640,41514
CAGGTTTAGTACTACA-1,0,13,125,10146,41804
AAGCGGAGTGCGCGCA-1,0,12,126,9642,42095
TCAGATGGAGACGTAG-1,0,13,127,10148,42384
TCGCACTAACGTTTGT-1,1,14,0,10565,5495
CACGTCGGGTTCTAGA-1,1,15,1,11071,5784
GGAGTACACATGAGCT-1,1,14,2,10566,6076
GTGTGTCGACGTCGCT-1,1,15,3,11072,6365
GAAGCTCTTTGCTTAG-1,1,14,4,10567,6657
ACACCGAGCGCTCTTT-1,1,15,5,11074,6946
CGTAATAATTACGAGT-1,1,14,6,10569,7238
CATCAACACCTACTAA-1,1,15,7,11075,7527
CCAAGTTTCTACAGAT-1,1,14,8,10570,7818
ACGGGTCATGTGACTT-1,1,15,9,11076,8108
AGTGTGCTAAGATCGC-1,1,14,10,10572,8399
GGCGGTTTGCCGGTGC-1,1,15,11,11078,8689
GTATAATCTCCCGGAT-1,1,14,12,10573,8980
TAGTCCGTATGCATAA-1,1,15,13,11079,9270
CACTTCGTCTTATCTC-1,1,14,14,10574,9561
CATCCGCAGGCCCGAA-1,1,15,15,11081,9850
CCCTGATGTAACTCGT-1,1,14,16,10576,10142
CCATAGTCAGTAACCC-1,1,15,17,11082,10431
CGGGCCATAGCCGCAC-1,1,14,18,10577,10723
CTCCGGCTTGTAGACA-1,1,15,19,11083,11012
AACTTGCGTTCTCGCG-1,1,14,20,10579,11304
AATGAGTTCGCATATG-1,1,15,21,11085,11593
CGAGGCCAGGCATTGG-1,1,14,22,10580,11885
TCTGCGTCCGGTTTCT-1,1,15,23,11086,12174
CAATCCTGCCGTGGAG-1,1,14,24,10581,12466
CTGAGCAAGTAACAAG-1,1,15,25,11087,12755
GGGTACCCACGGTCCT-1,1,14,26,10583,13047
ACGGAATTTAGCAAAT-1,1,15,27,11089,13336
GGGCGGTCCTATTGTC-1,1,14,28,10584,13628
ATGTTACGAGCAATAC-1,1,15,29,11090,13917
AACCATGGGATCGCTA-1,1,14,30,10586,14209
TCGCATCCCTAAGTGT-1,1,15,31,11092,14498
ACTTAGTACGACAAGA-1,1,14,32,10587,14790
GAGCTCTCGGACCTAA-1,1,15,33,11093,15079
TCTATTACGCTGGCGA-1,1,14,34,10588,15370
AGATACGACTTCATAT-1,1,15,35,11094,15660
CGCTATACCGCCCACT-1,1,14,36,10590,15951
CAGTGTCCGCAGAATG-1,1,15,37,11096,16241
CCATCCATACCAAGTC-1,1,14,38,10591,16532
AACCCAGAGACGGAGA-1,1,15,39,11097,16822
GAAGAACGGTGCAGGT-1,1,14,40,10593,17113
GATAAATCGGTGGATG-1,1,15,41,11099,17402
CAGCTCGTGCTTGTGT-1,1,14,42,10594,17694
GAGTACGGGTATACAA-1,1,15,43,11100,17983
CATCGCCCGCGGCCAA-1,1,14,44,10595,18275
TCTTACAGAGGTACCG-1,1,15,45,11101,18564
TGGAAGACGAACACCA-1,1,14,46,10597,18856
GTTGTCGTGTTAGTTG-1,1,15,47,11103,19145
CCAAGGAACAGAGAGG-1,1,14,48,10598,19437
CTGCACCTGGAACCGC-1,1,15,49,11104,19726
CGCTTTCATACCGGTG-1,1,14,50,10599,20018
GTTCTTCCCTCGATGT-1,1,15,51,11106,20307
ATTTAACTCGTATTAC-1,1,14,52,10601,20599
AACGATAGAAGGGCCG-1,1,15,53,11107,20888
TATCCTGCATGGGAAT-1,1,14,54,10602,21180
AGGCCCATTGTACAGG-1,1,15,55,11108,21469
CCGGCGCATATTGGAT-1,1,14,56,10604,21761
ATCTGTAATTGTACCC-1,1,15,57,11110,22050
GAGCGAGGGAGTACCG-1,1,14,58,10605,22341
TTATTAGGGAAGCATC-1,1,15,59,11111,22631
CTTCTTACGTCGTATA-1,1,14,60,10606,22922
GAAGTGCTGGATAGCT-1,1,15,61,11113,23212
GTGCAACAAATGTGGC-1,1,14,62,10608,23503
CATGCGTTAGACAGAA-1,1,15,63,11114,23793
ACACACTTTCTACACG-1,1,14,64,10609,24084
AGCCCTAAGCGAAGTT-1,1,15,65,11115,24373
ATTAATTCGGTCACTC-1,1,14,66,10611,24665
AACAGGAAATCGAATA-1,1,15,67,11117,24954
ACGTTTAGTTGTGATC-1,1,14,68,10612,25246
TCCTTCAGTGGTCGAA-1,1,15,69,11118,25535
CGAACGCCCAGTGCCG-1,1,14,70,10613,25827
CCTCGAAGTGGACGGG-1,1,15,71,11119,26116
CTCTGTTTGAGGATTC-1,1,14,72,10615,26408
TGGGCACGTTCTATGG-1,1,15,73,11121,26697
ACTATTCGTCCGTGGT-1,1,14,74,10616,26989
CCTCTGGCCTAGACGG-1,1,15,75,11122,27278
CCATAAACAACCCGAC-1,0,14,76,10618,27570
CATAGTACATTGAGAG-1,0,15,77,11124,27859
ATTTCATTATTTCGCG-1,0,14,78,10619,28151
CAACTATATCGAATGC-1,0,15,79,11125,28440
CTAGTATTCGGAATTA-1,0,14,80,10620,28732
GTGGAACCTACATGCG-1,0,15,81,11126,29021
CCTAAAGGCTGACGCT-1,0,14,82,10622,29313
CGTGACATTGGGTCGT-1,0,15,83,11128,29602
CCAATCGGTAGATCGA-1,0,14,84,10623,29893
ATTGTCGCAATACCTT-1,0,15,85,11129,30183
AAATTACACGACTCTG-1,0,14,86,10625,30474
CACTCCTCTCGGTCGG-1,0,15,87,11131,30764
AAATAACCATACGGGA-1,0,14,88,10626,31055
AGTTACTCTATCGTGG-1,0,15,89,11132,31345
CGTTAGCTCACAACTG-1,0,14,90,10627,31636
GAATGTATGGCAGGTC-1,0,15,91,11133,31925
GCAACCACCAGACCGG-1,0,14,92,10629,32217
TCACTCGTGCAACGGC-1,0,15,93,11135,32506
AAACAGAGCGACTCCT-1,0,14,94,10630,32798
CAGCCTCTCCTCAAGA-1,0,15,95,11136,33087
TTGCGTGAACGCTTAG-1,0,14,96,10631,33379
CCGCCTGCGAATTGGT-1,0,15,97,11138,33668
AGATGAGGGTTGCGAT-1,0,14,98,10633,33960
CGGTGGGCTCCAGCCT-1,0,15,99,11139,34249
GGCAGCGGTAATCCTA-1,0,14,100,10634,34541
GCTAGCAGGGAGTGGG-1,0,15,101,11140,34830
CTCAAGACATTAGCGC-1,0,14,102,10636,35122
CACGGCGCGCCAAAGG-1,0,15,103,11142,35411
TGCAATTTGGGCACGG-1,0,14,104,10637,35703
ATGCCAATCGCTCTGC-1,0,15,105,11143,35992
GCTGGACCCAAAGTGG-1,0,14,106,10638,36284
ATTCCTAAGACGTGGA-1,0,15,107,11145,36573
TCCGGAGGAAGGGCTG-1,0,14,108,10640,36865
TCGGTGACCGCTCCGG-1,0,15,109,11146,37154
TCCGAAGTAGTCACCA-1,0,14,110,10641,37445
CATGTAGGAGCGCCAA-1,0,15,111,11147,37735
CACAAGAAAGATATTA-1,0,14,112,10643,38026
AGGGTCAGTAACCCTA-1,0,15,113,11149,38316
TAAGCCCTTACGACCA-1,0,14,114,10644,38607
ATACCGTCATCCATAA-1,0,15,115,11150,38897
GGACGTCCATAGTTGG-1,0,14,116,10645,39188
CATCAAACTGGCGCCC-1,0,15,117,11152,39477
AAACGTGTTCGCCCTA-1,0,14,118,10647,39769
AAATTGGTGAGAAGCA-1,0,15,119,11153,40058
GGTCATTGTAGTCATA-1,0,14,120,10648,40350
TGCAGTGAGGCTCGGG-1,0,15,121,11154,40639
GAACATTAGTATGTTA-1,0,14,122,10650,40931
GGTTTGCGAACACGTA-1,0,15,123,11156,41220
ACACAAATATTCCTAG-1,0,14,124,10651,41512
TTGGGTTTATTCAGCG-1,0,15,125,11157,41801
ATTCGCAGAGGACACT-1,0,14,126,10652,42093
GATTTAGTGCGTACTG-1,0,15,127,11158,42382
TAGAAACACAATAGTG-1,1,16,0,11575,5492
CAGTAGATGATGTCCG-1,1,17,1,12082,5782
TCTTAACTCGGATGTA-1,1,16,2,11577,6073
TACATCTTGTTTCTTG-1,1,17,3,12083,6363
TTCATAGGGTGTCCAT-1,1,16,4,11578,6654
TGAAGTAGCTTACGGA-1,1,17,5,12084,6943
GCACAAGTGGATCATA-1,1,16,6,11580,7235
GGGCGAATTTCTCCAC-1,1,17,7,12086,7524
ATGTTCCTGCCCACCT-1,1,16,8,11581,7816
GCTCAACCTCTTAGAG-1,1,17,9,12087,8105
ATAGCTGCTCTTGTTA-1,1,16,10,11582,8397
CGTCAGCTATTTACTC-1,1,17,11,12089,8686
ATCTGATAGTGTCTTA-1,1,16,12,11584,8978
TGCACTATGTGAGTGC-1,1,17,13,12090,9267
CCGACAAACACATGAG-1,1,16,14,11585,9559
GCCTTGTATATGCAGT-1,1,17,15,12091,9848
ATAATACCGTTAGCCG-1,1,16,16,11587,10140
ACACTCCAATGTCACT-1,1,17,17,12093,10429
AGTTGCTGACTGATAT-1,1,16,18,11588,10721
GGCGCTCCTCATCAAT-1,1,17,19,12094,11010
TGCCTGACATCGGTCA-1,1,16,20,11589,11302
TTGGCCATCTTGCGCT-1,1,17,21,12095,11591
CAGTGGTTGCACATGA-1,1,16,22,11591,11882
AGAATTGTTTGACATA-1,1,17,23,12097,12172
AAATGCTCGTTACGTT-1,1,16,24,11592,12463
CACCTAATAGAGTCGT-1,1,17,25,12098,12753
CATTTCTAGCAGACTA-1,1,16,26,11594,13044
CCGAAAGTGGTGAGCA-1,1,17,27,12100,13334
AGTCAGCCACCGCCTG-1,1,16,28,11595,13625
TCATCACTCGAGCTCG-1,1,17,29,12101,13914
CTCAGGACTCACCTGT-1,1,16,30,11596,14206
CGGTGTACTTGATCCC-1,1,17,31,12102,14495
CCTACGGCTCAGTCGA-1,1,16,32,11598,14787
GTACTTGGGCACTTCT-1,1,17,33,12104,15076
TGATTTCCTCCTGACG-1,1,16,34,11599,15368
CCTCACCAATCTTGAC-1,1,17,35,12105,15657
GGTGAGATGCAGATAA-1,1,16,36,11601,15949
GCTAGTTTCATTGAGG-1,1,17,37,12107,16238
AGGACATCGCACGTCG-1,1,16,38,11602,16530
GTGGACGTGCTGAGAC-1,1,17,39,12108,16819
TAAGGAACTTGTGGGA-1,1,16,40,11603,17111
TCGCTGTGCGTAAATC-1,1,17,41,12109,17400
GCATCCCTAACTTTGA-1,1,16,42,11605,17692
CACCCACACGTCACCC-1,1,17,43,12111,17981
CCCTCATTCTGGAATT-1,1,16,44,11606,18273
AGGGCGTGATCGGCTA-1,1,17,45,12112,18562
GGTGCGGATAAGTGGC-1,1,16,46,11607,18854
TAATATTGAAATTCGC-1,1,17,47,12114,19143
CTTACACTGGGAAATA-1,1,16,48,11609,19434
ACCAAGAACGCGTGTC-1,1,17,49,12115,19724
GCCTTCAGCCCTACCG-1,1,16,50,11610,20015
GATGCTACAAGCGCCT-1,1,17,51,12116,20305
CCGGGACCCGCAGAGA-1,1,16,52,11612,20596
GTTCCAGTCTGACCAT-1,1,17,53,12118,20886
ATGATCGGGAATAGAC-1,1,16,54,11613,21177
TTGGATTGGGTACCAC-1,1,17,55,12119,21466
TACCTCACGCTTGTAC-1,1,16,56,11614,21758
CATGGCAGGAAGATCG-1,1,17,57,12121,22047
ATGACGCCGGCTCTAA-1,1,16,58,11616,22339
AGCGACATCCCATTCA-1,1,17,59,12122,22628
AGTAATGTCTTGCCGC-1,1,16,60,11617,22920
TTCTTAGTGGCTCAGA-1,1,17,61,12123,23209
CGTCTGGAAGGGCCCG-1,1,16,62,11619,23501
ACGTGCGCCTCGTGCA-1,1,17,63,12125,23790
AGAGCGGGCTAATCAT-1,1,16,64,11620,24082
GCGTCGAAATGTCGGT-1,1,17,65,12126,24371
AACTGATATTAGGCCT-1,1,16,66,11621,24663
CGAGCTGGGCTTTAGG-1,1,17,67,12128,24952
GGGTGTTTCAGCTATG-1,1,16,68,11623,25244
TTAATTTCAGACGCGG-1,1,17,69,12129,25533
ACTGCCGTCGTAACTC-1,1,16,70,11624,25825
GTGCACGAAAGTGACT-1,1,17,71,12130,26114
ATCTCCCTGCAATCTA-1,1,16,72,11626,26406
ACGCCAGATGATTTCT-1,1,17,73,12132,26695
AGCTATTTAATCCAAC-1,1,16,74,11627,26986
CCACGAGAAGAGAATC-1,1,17,75,12133,27276
GATTCCGCGTTTCCGT-1,1,16,76,11628,27567
GTCGGATGTAGCGCGC-1,1,17,77,12134,27857
TATTTATACCGAGTAG-1,1,16,78,11630,28148
GTAGGTGATCCGTGTA-1,1,17,79,12136,28438
AGTTAAGCGGTCCCGG-1,0,16,80,11631,28729
CTGGCGACATAAGTCC-1,1,17,81,12137,29018
TTGGCCTAGAATTTCG-1,0,16,82,11633,29310
GGCATATCGGTTCTGC-1,0,17,83,12139,29599
GGGCGTCCACTGGCTC-1,0,16,84,11634,29891
TTACCCATTGCCGGGT-1,0,17,85,12140,30180
TTAGACACGATCGTTG-1,0,16,86,11635,30472
GCGCTGATCCAGACTC-1,0,17,87,12141,30761
TTCGGCAACCCGCTGA-1,0,16,88,11637,31053
GATATTTCCTACATGG-1,0,17,89,12143,31342
CTGCGTTACGATATAA-1,0,16,90,11638,31634
TAATAAACAAGGAGAT-1,0,17,91,12144,31923
AACCTTTACGACGTCT-1,0,16,92,11640,32215
AGTCCCGCCTTTAATT-1,0,17,93,12146,32504
TGAGATTAGGCCCTAA-1,0,16,94,11641,32796
AGTGTATTGCGCATTG-1,0,17,95,12147,33085
GTTGGATTCAGTGGCT-1,0,16,96,11642,33377
TAAAGCTGCAATAGGG-1,0,17,97,12148,33666
AGTAGGAAGGAAGTTG-1,0,16,98,11644,33957
TATCACTTCGAGTAAC-1,0,17,99,12150,34247
TGATCTACGCTGATCT-1,0,16,100,11645,34538
GGATCATCCCGTACGC-1,0,17,101,12151,34828
TGACACTTCTCTTTGC-1,0,16,102,11646,35119
AGCCCTTCTAATCCGA-1,0,17,103,12153,35409
CACCGCGTCCACTCTA-1,0,16,104,11648,35700
TAATTGGAATCGGGAA-1,0,17,105,12154,35989
TCGTAAGCTCCGAGGA-1,0,16,106,11649,36281
TATATTACAAATGTCG-1,0,17,107,12155,36570
CGCGAGAGGGACTTGT-1,0,16,108,11651,36862
GGACCTACGGTAACGT-1,0,17,109,12157,37151
GAAATATGCTTGAATG-1,0,16,110,11652,37443
CCGTATTAGCGCAGTT-1,0,17,111,12158,37732
AGGCGTCTATGGACGG-1,0,16,112,11653,38024
AACATCGATACGTCTA-1,0,17,113,12160,38313
TGAATATGCTATAAAC-1,0,16,114,11655,38605
ACCAAACACCCAGCGA-1,0,17,115,12161,38894
TGGCTTGTACAAGCTT-1,0,16,116,11656,39186
GAATGAAGGTCTTCAG-1,0,17,117,12162,39475
AGATACCAGCACTTCA-1,0,16,118,11658,39767
GCGGTCCCGGTGAAGG-1,0,17,119,12164,40056
GAGGCATTTGCAGCAG-1,0,16,120,11659,40348
GGCAAGCCAGGGATAG-1,0,17,121,12165,40637
TCTACGGGCTCAGTTG-1,0,16,122,11660,40929
TCTGCGAATCGTTCGC-1,0,17,123,12166,41218
AGCTCGTTGATGGAAA-1,0,16,124,11662,41509
TGAATGAGATACAGCA-1,0,17,125,12168,41799
ACCCTTGCCTGGGTCG-1,0,16,126,11663,42090
GGCGAACCGTTCTGAT-1,0,17,127,12169,42380
GCGATGTCTGTGCTTG-1,1,18,0,12586,5490
ATTAACACCTGAGATA-1,1,19,1,13092,5779
GAAATCTGACCAAGTT-1,1,18,2,12588,6071
CCTGACAAACTCGCGC-1,1,19,3,13094,6360
ATGTCATTTCCCATTG-1,1,18,4,12589,6652
GCGGTGCGGAGCATCG-1,1,19,5,13095,6941
CGGAAAGCAAATGTGC-1,1,18,6,12590,7233
GCTGAGCAACGGTTCT-1,1,19,7,13097,7522
TCACTCTTCGTCTGTC-1,1,18,8,12592,7814
GATCTTCATTGTCCTC-1,1,19,9,13098,8103
ACTCGATGTATTTCAT-1,1,18,10,12593,8395
TGAAGAGCGGTCCTAG-1,1,19,11,13099,8684
TAAACGTCGTCAATGA-1,1,18,12,12595,8975
ACGTTATTGGTCACTC-1,1,19,13,13101,9265
ATAGCCTCAGTACCCA-1,1,18,14,12596,9556
CGGGAGTATACCGCCG-1,1,19,15,13102,9846
GTCCTACAGGCGGCTC-1,1,18,16,12597,10137
CGGATAAGCGGACATG-1,1,19,17,13104,10427
AACTTCTGCGTCTATC-1,1,18,18,12599,10718
GGGTTCAGACGAACAA-1,1,19,19,13105,11007
AGTCTGGACATCCTTG-1,1,18,20,12600,11299
TTGAACGAATCCTTTG-1,1,19,21,13106,11588
GAAATACTAAACGTTT-1,1,18,22,12602,11880
CCCGCGCAATGCACCC-1,1,19,23,13108,12169
TTCGGCTAGAGATGGT-1,1,18,24,12603,12461
GACACGAGTTAGAGGA-1,1,19,25,13109,12750
GAGGTCCCAAAGATCT-1,1,18,26,12604,13042
TAACTCCATGGAGGCT-1,1,19,27,13110,13331
CTTGTTTATGTAGCCA-1,1,18,28,12606,13623
GATGGCGCACACATTA-1,1,19,29,13112,13912
ATAATAGTGTAGGGAC-1,1,18,30,12607,14204
CGCTATTCAATGTATG-1,1,19,31,13113,14493
ATATTGCTGTCAAAGT-1,1,18,32,12609,14785
GGATTCAGTACGGTGG-1,1,19,33,13115,15074
TTCTTAGTGAACGGTG-1,1,18,34,12610,15366
AATGGTTCTCACAAGC-1,1,19,35,13116,15655
TATACACGCAAAGTAT-1,1,18,36,12611,15947
CTTCATAGCTCAAGAA-1,1,19,37,13117,16236
CAACGGTTCTTGATAC-1,1,18,38,12613,16527
ACACCCGAGAAATCCG-1,1,19,39,13119,16817
TCTATCATGCAGTTAC-1,1,18,40,12614,17108
CCCGCCATGCTCCCGT-1,1,19,41,13120,17398
CGCTTCCACTGAAATC-1,1,18,42,12616,17689
CACTGTCCAAGTGAGA-1,1,19,43,13122,17979
ATTACTAGCCTCTTGC-1,1,18,44,12617,18270
CATAGTAGCATAGTAG-1,1,19,45,13123,18559
CAACTCCTTGATCCCG-1,1,18,46,12618,18851
AAGTAGAAGACCGGGT-1,1,19,47,13124,19140
GCGGGAACCAGGCCCT-1,1,18,48,12620,19432
ATTAGATTGATAGCGG-1,1,19,49,13126,19721
CTCGGTCCGTAGCCTG-1,1,18,50,12621,20013
TGGCTTTGGGTAGACA-1,1,19,51,13127,20302
TATCCATATCATGCGA-1,1,18,52,12622,20594
GGAGTGCCGCCCTGGA-1,1,19,53,13129,20883
TGAGAATGCTTTACCG-1,1,18,54,12624,21175
TTAACCAACCCTCCCT-1,1,19,55,13130,21464
TGTTTCGGTACTTCTC-1,1,18,56,12625,21756
TTGCTGAAGGAACCAC-1,1,19,57,13131,22045
TATTTAGTCTAGATCG-1,1,18,58,12627,22337
CTCCGGCCTAATATGC-1,1,19,59,13133,22626
TTGTGGCCCTGACAGT-1,1,18,60,12628,22918
TCGCCGGTCGATCCGT-1,1,19,61,13134,23207
CCATAGGTTGGCGTGG-1,1,18,62,12629,23498
GAACGACCGAATGATA-1,1,19,63,13136,23788
TCCGATAATTGCCATA-1,1,18,64,12631,24079
CATTACGTCGGCCCGT-1,1,19,65,13137,24369
CAAGCACCAAATGCCT-1,1,18,66,12632,24660
TGCATGGATCGGATCT-1,1,19,67,13138,24950
GAAATCGCGCGCAACT-1,1,18,68,12634,25241
CTGAAAGAGATCCGAC-1,1,19,69,13140,25530
CACCTCGATGGTGGAC-1,1,18,70,12635,25822
ATTTGTTCCAGGGCTC-1,1,19,71,13141,26111
TGGGCCACAAGAGCGC-1,1,18,72,12636,26403
CCTTCTTGATCCAGTG-1,1,19,73,13142,26692
CCTCGCCAGCAAATTA-1,1,18,74,12638,26984
TTCATGGCGCAACAGG-1,1,19,75,13144,27273
TTAATCAGTACGTCAG-1,1,18,76,12639,27565
CCTATCTATATCGGAA-1,1,19,77,13145,27854
ATTATACTTTGCTCGT-1,1,18,78,12641,28146
ATGGATCCGGCGTCCG-1,1,19,79,13147,28435
CGCCCGCTTCCGTACA-1,1,18,80,12642,28727
GGATTCCGCTATACCC-1,1,19,81,13148,29016
CGGTCTATCAACCCGT-1,1,18,82,12643,29308
ATGCCGGTTGATGGGA-1,1,19,83,13149,29597
TCATGCAGGTTCTCAT-1,1,18,84,12645,29889
TGAGCTTTAATGACGC-1,1,19,85,13151,30178
TCCCTTAGATTACTCG-1,0,18,86,12646,30470
ATATCTCCCTCGTTAA-1,0,19,87,13152,30759
AGCTCTTCCCAGTGCA-1,0,18,88,12648,31050
TCGCTAAACCGCTATC-1,0,19,89,13154,31340
CACATTCTTTCGATGG-1,0,18,90,12649,31631
GATATGCGGTAGCCAA-1,0,19,91,13155,31921
CGTTTCACTTCGGGCG-1,0,18,92,12650,32212
CCAATTACGGGTCGAG-1,0,19,93,13156,32502
GCAGGTAGAGTATGGT-1,0,18,94,12652,32793
GTCGTATTGGCGTACA-1,0,19,95,13158,33082
GAAATTAGCACGGATA-1,0,18,96,12653,33374
AATGCACCAAGCAATG-1,0,19,97,13159,33663
AGGACGCTCGATGTTG-1,0,18,98,12654,33955
GGCTAAAGGGCGGGTC-1,0,19,99,13161,34244
CATCTATCCCGTGTCT-1,0,18,100,12656,34536
CAGTAACTATTTATTG-1,0,19,101,13162,34825
CATATACTACTGATAA-1,0,18,102,12657,35117
GCGTTCGGAGACCGGG-1,0,19,103,13163,35406
AAGTTCAGTCTGCGTA-1,0,18,104,12659,35698
CGAAGCTATAAATTCA-1,0,19,105,13165,35987
CGCGGTCACAAACCAA-1,0,18,106,12660,36279
GGGAATGAGCCCTCAC-1,0,19,107,13166,36568
ACGGAGCGCAAATTAC-1,0,18,108,12661,36860
CGTTCTTCGCACACCT-1,0,19,109,13168,37149
GAATAGCCCTGCGGTC-1,0,18,110,12663,37441
AATAGCTACCGCGTGC-1,0,19,111,13169,37730
CCGAGCTGTGCTTGTC-1,0,18,112,12664,38021
GATGACGATGATCGCG-1,0,19,113,13170,38311
GCCTATGCTGGGCCTT-1,0,18,114,12666,38602
TTACTGTCTAGAGCTC-1,0,19,115,13172,38892
AGCGGTTGCCGCTCTG-1,0,18,116,12667,39183
GCTTGCAGCACAATTG-1,0,19,117,13173,39473
CCGGAGGTCTTATGGT-1,0,18,118,12668,39764
ACAGTATACCGTGGGA-1,0,19,119,13175,40054
GGGATCCCAATACAAA-1,0,18,120,12670,40345
ATTACGACTCCACAGT-1,0,19,121,13176,40634
CTCACACGCAAGCCTA-1,0,18,122,12671,40926
CCAGATGTAAATGGGT-1,0,19,123,13177,41215
GAACTTGTGCACGGGA-1,0,18,124,12673,41507
AAGCCGCTTTACCTTG-1,0,19,125,13179,41796
TCCATTCCCACTAGAG-1,0,18,126,12674,42088
AGAGCGCTTGTAACGG-1,0,19,127,13180,42377
TGGGTTCCCGGACGGA-1,1,20,0,13597,5488
GCTGCGCCTCCCACGT-1,1,21,1,14103,5777
CTGTTGGCTCTTCTGA-1,1,20,2,13598,6068
TTGTTCTAGATACGCT-1,1,21,3,14105,6358
CCCTCAAGCTCTTAGT-1,1,20,4,13600,6649
TGGTCTAGCTTACATG-1,1,21,5,14106,6939
ATGCACCTTCCTTAAT-1,1,20,6,13601,7230
GGGATACGGTAATAAT-1,1,21,7,14107,7520
AGTTCACCGGTTGGAC-1,1,20,8,13603,7811
GACATACTGTCGCAGA-1,1,21,9,14109,8100
TGGACACCGTTGCTTG-1,1,20,10,13604,8392
TGCGATGCTAATGGCT-1,1,21,11,14110,8681
TTCTGTTTCCTGTCGC-1,1,20,12,13605,8973
CGTTGTAAACGTCAGG-1,1,21,13,14112,9262
GATCGGCGATAAGTCG-1,1,20,14,13607,9554
AGCCTTAAAGCGGAAG-1,1,21,15,14113,9843
TCCGTAACCACAATCC-1,1,20,16,13608,10135
GAATGCCGAAATGACC-1,1,21,17,14114,10424
TATACTCATGCGGCAA-1,1,20,18,13610,10716
TAGTGTCAGAAACGGC-1,1,21,19,14116,11005
CGTCATACCATATCCA-1,1,20,20,13611,11297
TAGTACCTTAGTGGTC-1,1,21,21,14117,11586
CTGGCGGGAATAAGTA-1,1,20,22,13612,11878
AGTGTGGTCTATTGTG-1,1,21,23,14118,12167
GCTATCGCGGCGCAAC-1,1,20,24,13614,12459
CAGTAATCCCTCCCAG-1,1,21,25,14120,12748
GTATTAAGGCGTCTAA-1,1,20,26,13615,13039
CTAATTTCAACAACAC-1,1,21,27,14121,13329
TTAGCAACATGGATGT-1,1,20,28,13617,13620
ATGCTCAGTGTTGCAT-1,1,21,29,14123,13910
GATGTTTGTGCGAGAT-1,1,20,30,13618,14201
CACTTCGCCACAGGCT-1,1,21,31,14124,14491
CTGTATGGTGTAGAAA-1,1,20,32,13619,14782
TACGTGCACTATGCTG-1,1,21,33,14125,15071
GTATCAGCTTGGGTTC-1,1,20,34,13621,15363
TAACAAAGGGAGAAGC-1,1,21,35,14127,15652
TTACATCGTGGCCTGG-1,1,20,36,13622,15944
TCTGAACCGGTCGGCT-1,1,21,37,14128,16233
GGCTCGTGCCACCAGC-1,1,20,38,13624,16525
TATAAGTGAGGATAGC-1,1,21,39,14130,16814
GCCCGCGCGTTTGACA-1,1,20,40,13625,17106
TGCTGGTTGGACAATT-1,1,21,41,14131,17395
GCCTAGCGATCTGACC-1,1,20,42,13626,17687
CCATGCTCTGCAGGAA-1,1,21,43,14132,17976
TATAAATCCACAAGCT-1,1,20,44,13628,18268
CGCTCGACATAATGAT-1,1,21,45,14134,18557
CCAATTGAATGTTAAT-1,1,20,46,13629,18849
GCTAATACCGAATGCC-1,1,21,47,14135,19138
TTCAACGACCCGACCG-1,1,20,48,13630,19430
TTCCTCGAGGGTGTCT-1,1,21,49,14137,19719
CAACGACCCGTTTACA-1,1,20,50,13632,20011
CTTGTACTTGTTGACT-1,1,21,51,14138,20300
TCTCTAATAGCTGGTA-1,1,20,52,13633,20591
ATTATGCCATAGGGAG-1,1,21,53,14139,20881
GACAACGCAGCTTACG-1,1,20,54,13635,21172
AGATGACTCGCCCACG-1,1,21,55,14141,21462
GTGCGGGTCTCCAAAT-1,1,20,56,13636,21753
GTACGAGATTGCGACA-1,1,21,57,14142,22043
GTATAGGACTCAGTAG-1,1,20,58,13637,22334
TTGCACGGAGCAGCAC-1,1,21,59,14144,22623
CACAGCTAGGGAGTGA-1,1,20,60,13639,22915
ATACTAGCATGACCCT-1,1,21,61,14145,23204
CCAAGACTTCTGCGAA-1,1,20,62,13640,23496
ACATAATAAGGCGGTG-1,1,21,63,14146,23785
TAATACACAGTAGTAT-1,1,20,64,13642,24077
TCTTGGTAACACCAAA-1,1,21,65,14148,24366
AACTGGGTCCCGACGT-1,1,20,66,13643,24658
ATCACTTCATCCTCGC-1,1,21,67,14149,24947
TGGAAGGATAAAGATG-1,1,20,68,13644,25239
CATGATGCACAATTCT-1,1,21,69,14151,25528
TGCCTGATCAAACGAT-1,1,20,70,13646,25820
ATAGGGATATCCTTGA-1,1,21,71,14152,26109
CACCTAATCAGTTTAC-1,1,20,72,13647,26401
TGTGACTACGCCAGTC-1,1,21,73,14153,26690
CCCGACCATAGTCCGC-1,1,20,74,13649,26982
CGCGCCCGACTTAATA-1,1,21,75,14155,27271
TGCCACCTGGCGAAAC-1,1,20,76,13650,27563
CTGCCAAGGTTGGAAG-1,1,21,77,14156,27852
TCTCCAACGTAGGTTA-1,1,20,78,13651,28143
TTCTTGGAGTAATGAG-1,1,21,79,14157,28433
GTCTCGATCTGCTTTC-1,1,20,80,13653,28724
TACTCTCCGAACAAAT-1,1,21,81,14159,29014
ATCACATTAGAATATC-1,1,20,82,13654,29305
TACGGGATGCTAGCAG-1,1,21,83,14160,29595
AGCTGAAGTAAACCAA-1,1,20,84,13656,29886
CATGGGTCGGGTGTGG-1,1,21,85,14162,30175
CACCCACGAGGCAATT-1,1,20,86,13657,30467
TGCCATTACTAAAGAA-1,1,21,87,14163,30756
CCGTTACGTTAGAACA-1,1,20,88,13658,31048
GCCAGGAGTAACCGAT-1,1,21,89,14164,31337
GGAAAGTGCCCATGCC-1,0,20,90,13660,31629
TCTTACCGGAACTCGT-1,1,21,91,14166,31918
TATGTCAAGACCGACT-1,0,20,92,13661,32210
CCTAACTAAGGCTCTA-1,0,21,93,14167,32499
GCGGTGAACTGCGCTC-1,0,20,94,13663,32791
CCTCGCGCGATATAGG-1,0,21,95,14169,33080
ATCGGCAAGCAGTCCA-1,0,20,96,13664,33372
AGATCGTGCATAAGAT-1,0,21,97,14170,33661
ATTCAGGACCTATTTC-1,0,20,98,13665,33953
AGCTAGAAGCAGAAGT-1,0,21,99,14171,34242
TTCGCTATCTGACGTG-1,0,20,100,13667,34534
TTCCGCAGAGAAATAT-1,0,21,101,14173,34823
CAGTACATTCTCTAAA-1,0,20,102,13668,35114
GTGAAGATTTCAAGTG-1,0,21,103,14174,35404
AACGCATGATCTGGGT-1,0,20,104,13669,35695
CCCAGAGGAGGGCGTA-1,0,21,105,14176,35985
GGAAACCTTGTTGAAT-1,0,20,106,13671,36276
GTGAAGCCGTATAGTC-1,0,21,107,14177,36566
GAGCTGTCGTCTCGGA-1,0,20,108,13672,36857
TGTCATTTGTTGGGAA-1,0,21,109,14178,37146
ACCAACACCACACACT-1,0,20,110,13674,37438
AAATGATTCGATCAGC-1,0,21,111,14180,37727
CTGCTTTATGTCCGCG-1,0,20,112,13675,38019
GCGAGAGGCCATGTAA-1,0,21,113,14181,38308
ATTGACCGGCGATGAC-1,0,20,114,13676,38600
ACCCTGGTAACGCCCT-1,0,21,115,14183,38889
GTTGGACCGCATCAGG-1,0,20,116,13678,39181
CGTTTACAAGGCAGCT-1,0,21,117,14184,39470
CGGTCCATGAGACTCC-1,0,20,118,13679,39762
GTTCGTCTGGGTCCCT-1,0,21,119,14185,40051
TGTACTACTCTCACGG-1,0,20,120,13681,40343
AGTGAAGATGGTGTCC-1,0,21,121,14187,40632
GAGGGCCATAATATTA-1,0,20,122,13682,40924
ACTCCCGTAGACTAGG-1,0,21,123,14188,41213
CGTCAAATGGTCGCAG-1,0,20,124,13683,41505
AAGTCTAGTAGCTGCC-1,0,21,125,14189,41794
AAGAAATCACCAGATT-1,0,20,126,13685,42086
GAGTGCACGGACAACA-1,0,21,127,14191,42375
GTTCAAATCAGATGTC-1,1,22,0,14608,5485
CATGGCTCCCTATGTC-1,1,23,1,15114,5774
GGCCACACGAAAGCCT-1,1,22,2,14609,6066
GAAGCCGGGTAAGCTC-1,1,23,3,15115,6355
TTGCGCTCTCTCGCTT-1,1,22,4,14611,6647
TACATGACCTTATCCG-1,1,23,5,15117,6936
GTCCTTCTACAACCCA-1,1,22,6,14612,7228
TATATGCTGGGTTGCC-1,1,23,7,15118,7517
GTTTATGGGATTTAGA-1,1,22,8,14613,7809
GGAACCCGAACAAGAA-1,1,23,9,15120,8098
AACGTTATCAGCACCT-1,1,22,10,14615,8390
CATCGTCCGGTTACTA-1,1,23,11,15121,8679
AGACAGCTCAGAATCC-1,1,22,12,14616,8971
GCAGATCCTCGCAAAT-1,1,23,13,15122,9260
GGGTCATGCGTACCAT-1,1,22,14,14618,9552
CTGGTCATTCCAATCC-1,1,23,15,15124,9841
TCAGGGCGCAAACTCG-1,1,22,16,14619,10132
GATGCCAGCAGAAGGC-1,1,23,17,15125,10422
GTTATTAACGTGGGAG-1,1,22,18,14620,10713
AATACAATGTTTCAGG-1,1,23,19,15127,11003
TTGCTGCACCTATCCA-1,1,22,20,14622,11294
CCAGAGACAAAGCCGG-1,1,23,21,15128,11584
CCGAAGTATATTGTTC-1,1,22,22,14623,11875
GCTAAACCTGAGGTGA-1,1,23,23,15129,12164
TCATACTTACAGATCC-1,1,22,24,14625,12456
CGAGCACTTCAAGTTT-1,1,23,25,15131,12745
TAGCAACCTGTCACAA-1,1,22,26,14626,13037
TGGGAAATGCCTTTCC-1,1,23,27,15132,13326
AGACCATGGGATACAA-1,1,22,28,14627,13618
TAAATGAATCCGTTTC-1,1,23,29,15133,13907
ACAACGGTCCCTGCGA-1,1,22,30,14629,14199
GTCACTCTCCAAATCT-1,1,23,31,15135,14488
TTCTACTTGCGAGGGC-1,1,22,32,14630,14780
CGCAATTACTTTCGGT-1,1,23,33,15136,15069
CTGTTCATCTCACGGG-1,1,22,34,14632,15361
TTCTTGTAACCTAATG-1,1,23,35,15138,15650
GCTTGATGATAATCAG-1,1,22,36,14633,15942
TTGGCTCGCATGAGAC-1,1,23,37,15139,16231
GCCCAGTTGGTATGCC-1,1,22,38,14634,16523
ATTCCTCCGCCAGTGC-1,1,23,39,15140,16812
TCGTCCGCTGGCGTCT-1,1,22,40,14636,17104
GGAGAAGTCATTGGCA-1,1,23,41,15142,17393
TTGTTAGCAAATTCGA-1,1,22,42,14637,17684
TCTAGCATCTTCGATG-1,1,23,43,15143,17974
TTCTAGGCCAATTGTG-1,1,22,44,14639,18265
TCACGGTCATCGCACA-1,1,23,45,15145,18555
ATGAAGCCAAGGAGCC-1,1,22,46,14640,18846
AATGACTGTCAGCCGG-1,1,23,47,15146,19136
CCAAACAGAACCCTCG-1,1,22,48,14641,19427
TATCGATGATTAAACG-1,1,23,49,15147,19716
GAACACACATCAACCA-1,1,22,50,14643,20008
CCCGTCAGCGTCTGAC-1,1,23,51,15149,20297
AGCATCGTCGATAATT-1,1,22,52,14644,20589
GACTAAGATCATGCAC-1,1,23,53,15150,20878
TAGGGTGTTTCAAGAG-1,1,22,54,14645,21170
TGGTTCGTAGCAAAGG-1,1,23,55,15152,21459
CTGTTCACTGCCTGTG-1,1,22,56,14647,21751
ATGTGCATCCGACGCA-1,1,23,57,15153,22040
TTGTCGTTCAGTTACC-1,1,22,58,14648,22332
CGGGATCAATGTAAGA-1,1,23,59,15154,22621
TTATCTGTATCATAAC-1,1,22,60,14650,22913
ATCGACTCTTTCCGTT-1,1,23,61,15156,23202
CTCATTTGATGGGCGG-1,1,22,62,14651,23494
GTAAGCGGGCAGTCAG-1,1,23,63,15157,23783
TCTATCGGTCGCAACA-1,1,22,64,14652,24075
AACGCGGTCTCCAGCC-1,1,23,65,15159,24364
ATTAATACTACGCGGG-1,1,22,66,14654,24655
CTTTAACTTTCAAAGG-1,1,23,67,15160,24945
CGTACCTGATAGGCCT-1,1,22,68,14655,25236
GAATGTTGGGTAATCT-1,1,23,69,15161,25526
TGCGGAGTAAAGGTGC-1,1,22,70,14657,25817
CCTGAATATTTACATA-1,1,23,71,15163,26107
TTGCTCCCATACCGGA-1,1,22,72,14658,26398
CCTCTAATCTGCCAAG-1,1,23,73,15164,26687
AGGTTGAGGCACGCTT-1,1,22,74,14659,26979
TCCCGTCAGTCCCGCA-1,1,23,75,15165,27268
TCCGATGACTGAGCTC-1,1,22,76,14661,27560
CAGCCTCCTGCAGAGG-1,1,23,77,15167,27849
CTTAGCCTTCCACATG-1,1,22,78,14662,28141
ATTAATGAACCAGTCG-1,1,23,79,15168,28430
ACGATACATAGAACTA-1,1,22,80,14664,28722
AGCCACTCCCGTGCTT-1,1,23,81,15170,29011
ATACGGGTTTCGATTG-1,1,22,82,14665,29303
CTGTCAAATGGCTCGG-1,1,23,83,15171,29592
GCTCGGAATTTAAAGC-1,1,22,84,14666,29884
TAGGCATGTTACGCCA-1,1,23,85,15172,30173
TGGCAACTCGCGCGCC-1,1,22,86,14668,30465
ATCAGTAGGCAGGGAT-1,1,23,87,15174,30754
TATCGATCTATGCATA-1,1,22,88,14669,31046
CGACTCAGGATGTTAT-1,1,23,89,15175,31335
GCCATATTGCACACAG-1,1,22,90,14671,31627
AATTCATAAGGGATCT-1,1,23,91,15177,31916
CGGTAGAGGTGCAGGT-1,1,22,92,14672,32207
AATGATGATACGCTAT-1,1,23,93,15178,32497
CTTGTGCTCACCGATT-1,0,22,94,14673,32788
TTCCAATCAGAGCTAG-1,0,23,95,15179,33078
CGATGGACCCTACGCC-1,0,22,96,14675,33369
GGTCGGATAAACGGCG-1,0,23,97,15181,33659
TTAGCTAATACGATCT-1,0,22,98,14676,33950
CTCGATATTTGCGAGC-1,0,23,99,15182,34239
ATTACTTACTGGGCAT-1,0,22,100,14677,34531
CTAGCCGATGTTATGA-1,0,23,101,15184,34820
TACTGCAATCAATTAC-1,0,22,102,14679,35112
TAGTCTGTGACGTTGC-1,0,23,103,15185,35401
CTCGTTTCTAATGTTT-1,0,22,104,14680,35693
TTCGTTCAACGAAGTT-1,0,23,105,15186,35982
CTGAATTTATTGCCAG-1,0,22,106,14682,36274
TGGAATATCCTTGACC-1,0,23,107,15188,36563
CAGATCATTTAAAGTC-1,0,22,108,14683,36855
CTCCTTTACGCAAGTC-1,0,23,109,15189,37144
TCCCAAACAGACAACG-1,0,22,110,14684,37436
ATCGCTGCGTGCAGCA-1,0,23,111,15191,37725
TTAGTTCAAGTGTTCG-1,0,22,112,14686,38017
AAACTCGTGATATAAG-1,0,23,113,15192,38306
TTAACGAACAAGCAGT-1,0,22,114,14687,38598
GTTATATCAGGAGCCA-1,0,23,115,15193,38887
CAAATTGGATTATGCC-1,0,22,116,14689,39178
CGAGGAGCTTCCATAT-1,0,23,117,15195,39468
GGAGACCAATGTGCTT-1,0,22,118,14690,39759
CATTGATGAACACGCC-1,0,23,119,15196,40049
GTCAATGCTATAATTT-1,0,22,120,14691,40340
ACCACCCTCTCTTCTA-1,0,23,121,15197,40630
TGGAGGGAAACACCTC-1,0,22,122,14693,40921
CACGGACGTGGATGGC-1,0,23,123,15199,41211
AACTTTCTCGATCATG-1,0,22,124,14694,41502
CGTATTGTTTCCTAAT-1,0,23,125,15200,41791
CCTACTGCGGCGGCCA-1,0,22,126,14696,42083
CTTAGGTCCCAATCGT-1,0,23,127,15202,42372
CGCAATCGATCATTAG-1,1,24,0,15619,5483
TGGTTATGCTTGCGGT-1,1,25,1,16125,5772
GGCTTGGCTCTCACCT-1,1,24,2,15620,6064
ATTGGTAGGATCCGCT-1,1,25,3,16126,6353
TCAGGGCGACTTCCTT-1,1,24,4,15621,6645
TCTGCAGATTCGAGTC-1,1,25,5,16128,6934
CTCTCGCTGTACTATG-1,1,24,6,15623,7225
AATAGTCGCGAGTCGG-1,1,25,7,16129,7515
AGTTACCCTTAAGACT-1,1,24,8,15624,7806
CTTAAATAAGACCCAT-1,1,25,9,16130,8096
GGTTGTGCTCTTGTCC-1,1,24,10,15626,8387
GTGAGTCTAAGACGGA-1,1,25,11,16132,8677
CGCGACACTGCGCAGC-1,1,24,12,15627,8968
GCTCGCGGTTCCGCTC-1,1,25,13,16133,9257
TTAACTCACGCGTGGA-1,1,24,14,15628,9549
GGAACGGCCTGCAGCC-1,1,25,15,16135,9838
GTAGAAACGGGTGGAG-1,1,24,16,15630,10130
TAATGAAAGACCCTTG-1,1,25,17,16136,10419
AGGCTTGCTAGACACC-1,1,24,18,15631,10711
TTGCGTAGTTTGAGGA-1,1,25,19,16137,11000
CGCCCTTGAAGGCTGA-1,1,24,20,15633,11292
CCCGGTGGAAGAACCT-1,1,25,21,16139,11581
TTAACACCTCGAACAT-1,1,24,22,15634,11873
GATTCCTATACGGCGC-1,1,25,23,16140,12162
TTACCCTAACAGTCCT-1,1,24,24,15635,12454
ACCCACCTACATGCTC-1,1,25,25,16141,12743
AAAGGGCAGCTTGAAT-1,1,24,26,15637,13035
CACACAGGGATAGATT-1,1,25,27,16143,13324
AGAGCGTACAAGCTCG-1,1,24,28,15638,13616
TCTTACGGCATCCGAC-1,1,25,29,16144,13905
GCCTATTCCGATATAG-1,1,24,30,15640,14196
GAAAGTGACTAACTGC-1,1,25,31,16146,14486
CCGGAATGGTTTCAGT-1,1,24,32,15641,14777
AGTATAATACTAGGCA-1,1,25,33,16147,15067
TAACTATCGAAGGTCC-1,1,24,34,15642,15358
ATGAGGAGTGTTAATC-1,1,25,35,16148,15648
TGTGTCGCGAGTTGCA-1,1,24,36,15644,15939
ATCCAACGCAGTCATA-1,1,25,37,16150,16228
AAGGCGCGTAAAGCTT-1,1,24,38,15645,16520
AGTCGGCCCAAACGAC-1,1,25,39,16151,16809
AACGTCAGACTAGTGG-1,1,24,40,15647,17101
ACTACCAGCTCTCTGG-1,1,25,41,16153,17390
GCAAGTGCACAGAGAA-1,1,24,42,15648,17682
ACACCTTAAGTAGGGC-1,1,25,43,16154,17971
TTCGACGGGAAGGGCG-1,1,24,44,15649,18263
TTCGCACTCGCGTGCT-1,1,25,45,16155,18552
TATTTGTTACCCTTTA-1,1,24,46,15651,18844
CGCTGTGACGCCGCAC-1,1,25,47,16157,19133
GTTGCACGGAGTTTCG-1,1,24,48,15652,19425
GTTTCCTGGAGGGTGA-1,1,25,49,16158,19714
ACACCCAGCATGCAGC-1,1,24,50,15653,20006
TCAACCATGTTCGGGC-1,1,25,51,16160,20295
TTACAACTACGCATCC-1,1,24,52,15655,20587
TCCGATGGTGCGACAT-1,1,25,53,16161,20876
GGGCGTACATTTATAT-1,1,24,54,15656,21168
AGCGACCAACGATATT-1,1,25,55,16162,21457
ACACAAAGACGGGTGG-1,1,24,56,15658,21748
ATCGCACGCCGGGAGA-1,1,25,57,16164,22038
GCTCTAAACCCTGACG-1,1,24,58,15659,22329
AATGCAACCGGGTACC-1,1,25,59,16165,22619
TCAAACAACCGCGTCG-1,1,24,60,15660,22910
TATGCTCCCTACTTAC-1,1,25,61,16167,23200
AAAGGGATGTAGCAAG-1,1,24,62,15662,23491
ACGATCATACATAGAG-1,1,25,63,16168,23780
TTGTTCAGTGTGCTAC-1,1,24,64,15663,24072
ATGCATGATCCAGGAT-1,1,25,65,16169,24361
AGTCTTCTCCTCAAAT-1,1,24,66,15665,24653
GATTCCCTTGTCGCAG-1,1,25,67,16171,24942
CTCGCACCTATATAGT-1,1,24,68,15666,25234
ACTCAATAAAGGCACG-1,1,25,69,16172,25523
AACCGAGCTTGGTCAT-1,1,24,70,15667,25815
TAAGGCAACATAAGAT-1,1,25,71,16173,26104
CACGCACAGCGCAGCT-1,1,24,72,15669,26396
GGTTTACAATCTCAAT-1,1,25,73,16175,26685
TGCAGGATCGGCAAAG-1,1,24,74,15670,26977
ATAACGGAGTCCAACG-1,1,25,75,16176,27266
AACGATATGTCAACTG-1,1,24,76,15672,27558
GACAACGACCATTGAA-1,1,25,77,16178,27847
TTGACCATGTTCTCCG-1,1,24,78,15673,28139
AGTACGGGCACCTGGC-1,1,25,79,16179,28428
CGCCATCCGATTATGA-1,1,24,80,15674,28719
AAGGTATCCTAATATA-1,1,25,81,16180,29009
TGTTGTCAAGAAGTCT-1,1,24,82,15676,29300
CAGTGAATAAATGACT-1,1,25,83,16182,29590
CACCTTGCGAAACTCG-1,1,24,84,15677,29881
CATTTAGCGGACCATG-1,1,25,85,16183,30171
CCAGTCTAGACGGCGC-1,1,24,86,15679,30462
TCGCTTTAAACGTTTG-1,1,25,87,16185,30752
GTGAAACGGCGCCACC-1,1,24,88,15680,31043
GGGCTCATCGAACCCA-1,1,25,89,16186,31332
TTGATGTGTAGTCCCG-1,1,24,90,15681,31624
CAGTAGCCCACGCGGT-1,1,25,91,16187,31913
AGCGCGGGTGCCAATG-1,1,24,92,15683,32205
TAATCGATCCGTACGT-1,1,25,93,16189,32494
AGTGGCGGCAATTTGA-1,1,24,94,15684,32786
CCTTTCAATGAAGAAA-1,1,25,95,16190,33075
CTCAGTCACGACAAAT-1,0,24,96,15685,33367
ATAGGCTAGCTTCGCA-1,1,25,97,16192,33656
CGGTTCAAGTAGGTGT-1,0,24,98,15687,33948
CAGTCGAGGATGCAAT-1,0,25,99,16193,34237
TATCACCCAACCGACC-1,0,24,100,15688,34529
AATGATGCGACTCCTG-1,0,25,101,16194,34818
TGGAACCACTGACACA-1,0,24,102,15690,35110
GCCAATAGGGCATCTC-1,0,25,103,16196,35399
TTCTTTGGTCGCGACG-1,0,24,104,15691,35691
ATTAGATTCCTCAGCA-1,0,25,105,16197,35980
CCGTGGAACGATCCAA-1,0,24,106,15692,36271
GGGTCGTGGCAAGTGT-1,0,25,107,16199,36561
TCGCTCGGCACCAGCG-1,0,24,108,15694,36852
ACGCAATCACTACAGC-1,0,25,109,16200,37142
CTCTAATGCATTGATC-1,0,24,110,15695,37433
GTCTCGACTAAGTTTG-1,0,25,111,16201,37723
TGGTTTAAACGTGGGT-1,0,24,112,15697,38014
CGCAGATCTTCACCCG-1,0,25,113,16203,38303
TCCAGATGTACGCCAA-1,0,24,114,15698,38595
CATTGCGGGTCAATTC-1,0,25,115,16204,38884
GACGTTCGTAAATACA-1,0,24,116,15699,39176
TACACCGTCGTTAGTC-1,0,25,117,16206,39465
ACGGGCGTATGCGACA-1,0,24,118,15701,39757
GAAGGCTACCATTGTT-1,0,25,119,16207,40046
TAAATCTTTACACCTC-1,0,24,120,15702,40338
AGTTTATGTAAAGACA-1,0,25,121,16208,40627
AGGAGACATCCACAGT-1,0,24,122,15704,40919
CAACCTGAACCTGCCA-1,0,25,123,16210,41208
AGTCCCTCGCAGAAAG-1,0,24,124,15705,41500
TGTATACGGATGATGA-1,0,25,125,16211,41789
TTGTGGTATAGGTATG-1,0,24,126,15706,42081
TCTGCACCATTAGTAA-1,0,25,127,16212,42370
AAATGTATCTTATCCC-1,1,26,0,16629,5480
ACTCTAAACCTGGGAT-1,1,27,1,17136,5769
GCTGGCAGGTGCCGTG-1,1,26,2,16631,6061
CTCATTCGTGAACATC-1,1,27,3,17137,6350
TCGCCGGATGGGCAAG-1,1,26,4,16632,6642
GGACTAAGTCAGGAGT-1,1,27,5,17138,6931
TATCAAAGGTCTGTAA-1,1,26,6,16634,7223
TTCAGTTTGTGGCAGC-1,1,27,7,17140,7512
TGTTCATAAATGTGCT-1,1,26,8,16635,7804
CTTAGCCCGGATAGTG-1,1,27,9,17141,8093
GATGCGAATGGTATTA-1,1,26,10,16636,8385
TCTAACTGTATGTAAA-1,1,27,11,17143,8674
TTAAACCTGGTTCCTT-1,1,26,12,16638,8966
GCTAAGTAAAGGCGAT-1,1,27,13,17144,9255
AGTTACCGCACATGGT-1,1,26,14,16639,9547
GACTGCGGCACGTGTA-1,1,27,15,17145,9836
TGGTGATCGTATTTGT-1,1,26,16,16641,10128
TTATCGCCTGCGAAGC-1,1,27,17,17147,10417
TGGAATTAGACGCTTT-1,1,26,18,16642,10709
TCGTCACACTGTTAGC-1,1,27,19,17148,10998
TTATGTTTGCGATAGA-1,1,26,20,16643,11289
GGTGCTGATCACAAAG-1,1,27,21,17149,11579
CATAGCCGCCCGGGAT-1,1,26,22,16645,11870
GGTTAGTTACGGCGCC-1,1,27,23,17151,12160
ATTCCCACATAAACAA-1,1,26,24,16646,12451
ATTCAGTAGCAGGGTC-1,1,27,25,17152,12741
CAGTTCCGCGGGTCGA-1,1,26,26,16648,13032
AAGAGATGAATCGGTA-1,1,27,27,17154,13321
CGCAATTCTACAATAA-1,1,26,28,16649,13613
TAACGCTTTGAGAGCG-1,1,27,29,17155,13902
AGGCTATGGTTAGCTT-1,1,26,30,16650,14194
GAGGAATGGAGAGGTT-1,1,27,31,17156,14483
TCCTCTACGAGATGGC-1,1,26,32,16652,14775
TTGATTATGCAGATGA-1,1,27,33,17158,15064
TCAGTACTGACCCGCG-1,1,26,34,16653,15356
TTATGACAAACTGGAT-1,1,27,35,17159,15645
GTAAGTAGGGTATACC-1,1,26,36,16655,15937
CGCAAACACGAGTTAC-1,1,27,37,17161,16226
TGGCCGTATATTGACC-1,1,26,38,16656,16518
ACTGTAGCACTTTGGA-1,1,27,39,17162,16807
GCTCTATGTTACGTGC-1,1,26,40,16657,17099
TGCGCGATTAACGGAG-1,1,27,41,17163,17388
GAATCGACATGGTCAC-1,1,26,42,16659,17680
GACTAAGTAGGCTCAC-1,1,27,43,17165,17969
ATCTTGACCTGCAACG-1,1,26,44,16660,18261
ATGCACTACCGCATTG-1,1,27,45,17166,18550
CAGATACTAACATAGT-1,1,26,46,16661,18841
GATCGACACTATCTGA-1,1,27,47,17168,19131
ATAGAGTACTGGGACA-1,1,26,48,16663,19422
CCTACTGCTTACACTT-1,1,27,49,17169,19712
CCTGCTATTTGAGAAG-1,1,26,50,16664,20003
CGCGTTCATGAAATAC-1,1,27,51,17170,20293
CATTATGCTTGTTGTG-1,1,26,52,16666,20584
CCAGGGACGTGGCCTC-1,1,27,53,17172,20873
TATGGATGTGCTACGC-1,1,26,54,16667,21165
GTACTAAGATTTGGAG-1,1,27,55,17173,21454
AGACCCGCCCTCCTCG-1,1,26,56,16668,21746
CGCATTAGCTAATAGG-1,1,27,57,17175,22035
GCTCTCGGGTACCGAA-1,1,26,58,16670,22327
CACCGCCAGAAGGTTT-1,1,27,59,17176,22616
TCCCAAAGACGAAGGA-1,1,26,60,16671,22908
ATGGATTGACCAAACG-1,1,27,61,17177,23197
GTCATGGACATGACTA-1,1,26,62,16673,23489
CTACTGCCACCTGACC-1,1,27,63,17179,23778
TTATATTTGGCAATCC-1,1,26,64,16674,24070
AGCACCAGTACTCACG-1,1,27,65,17180,24359
CATGGTCTAGATACCG-1,1,26,66,16675,24651
TCTACCGTCCACAAGC-1,1,27,67,17182,24940
CTAGTTGGGCCCGGTA-1,1,26,68,16677,25232
TCCCGCGTACTCCTGG-1,1,27,69,17183,25521
CAGAGCATGAGCTTGC-1,1,26,70,16678,25812
ACACGGGAACTTAGGG-1,1,27,71,17184,26102
GGCTCTGCTCCAACGC-1,1,26,72,16680,26393
AGAACGTGGTACATTC-1,1,27,73,17186,26683
CAATAAACCTTGGCCC-1,1,26,74,16681,26974
ACTTCGCCATACGCAC-1,1,27,75,17187,27264
ATCTGGTTAAGACTGT-1,1,26,76,16682,27555
TCGTAAGACGACATTG-1,1,27,77,17188,27844
GTGTACCTTGGCTACG-1,1,26,78,16684,28136
GCCCGTAATACCTTCT-1,1,27,79,17190,28425
CGGTCAAGTGGGAACC-1,1,26,80,16685,28717
TTGTAAGGCCAGTTGG-1,1,27,81,17191,29006
GGAGCACCAAGAACTA-1,1,26,82,16687,29298
TAATAGTGACGACCAG-1,1,27,83,17193,29587
CTAAATCCTATTCCGG-1,1,26,84,16688,29879
CGAGTTCTGTCCCACC-1,1,27,85,17194,30168
AGGCAGATGCGTAAAC-1,1,26,86,16689,30460
AAGGATGAGGGACCTC-1,1,27,87,17195,30749
AGAGAACCGTCTAGGA-1,1,26,88,16691,31041
GAGGGCGCAGCTCTGC-1,1,27,89,17197,31330
AAGATTGGCGGAACGT-1,1,26,90,16692,31622
CCAGTAGTCTGATCCA-1,1,27,91,17198,31911
AAGGGACAGATTCTGT-1,1,26,92,16694,32203
ATAGAGTTATCAACTT-1,1,27,93,17200,32492
AAATTACCTATCGATG-1,1,26,94,16695,32784
GATCCTAAATCGGGAC-1,1,27,95,17201,33073
TTACAGACCTAAATGA-1,1,26,96,16696,33364
CCTCACCTTAGCATCG-1,1,27,97,17202,33654
CATGCGACCAGTTTAA-1,1,26,98,16698,33945
AACATATCAACTGGTG-1,0,27,99,17204,34235
CTATAAGAGCCAATCG-1,0,26,100,16699,34526
AATATCGAGGGTTCTC-1,0,27,101,17205,34816
GTACTCCTGGGTATGC-1,0,26,102,16700,35107
ATAAGTAGGATTCAGA-1,0,27,103,17207,35396
AGGTCGCGGAGTTACT-1,0,26,104,16702,35688
CTAATTCTCAGATATT-1,0,27,105,17208,35977
GCCAACCATTTCCGGA-1,0,26,106,16703,36269
TGATCCCAGCATTAGT-1,0,27,107,17209,36558
CGTTGTAAGATTGATT-1,0,26,108,16705,36850
GAAACCATGGTGCGCT-1,0,27,109,17211,37139
AATCTATGCCGGAGCC-1,0,26,110,16706,37431
GACTCCCAGAATAAGG-1,0,27,111,17212,37720
TATGATCCGGCACGCC-1,0,26,112,16707,38012
CCGCTTGCTGACATGG-1,0,27,113,17214,38301
TGGTTAAGGGCGCTGG-1,0,26,114,16709,38593
TTGATAGTCAATACAT-1,0,27,115,17215,38882
GGTTTAATTGAGCAGG-1,0,26,116,16710,39174
CATTACATAGATTGTG-1,0,27,117,17216,39463
GGTACACCAGATTTAT-1,0,26,118,16712,39755
GGCCCGTATACCATGC-1,0,27,119,17218,40044
ATCTTTCGTATAACCA-1,0,26,120,16713,40335
GAGATGACAATCCTTA-1,0,27,121,17219,40625
AAAGCTTGCCTACATA-1,0,26,122,16714,40916
GAACGATAAGTTAAAG-1,0,27,123,17220,41206
TAATAGCTAAATGATG-1,0,26,124,16716,41497
TATGGCTAGGCTAATT-1,0,27,125,17222,41787
AGGAGAGTCTGGCTAC-1,0,26,126,16717,42078
TGCTCTGCCGGTTCAC-1,0,27,127,17223,42368
CCAATAGATTTCATCT-1,1,28,0,17640,5478
GGGCACGAATTGGCCG-1,1,29,1,18146,5767
TCGTTGACAGGGTCCC-1,1,28,2,17642,6059
ATCGTATTCCGAGAAC-1,1,29,3,18148,6348
GGGAATTCTGTCCAGT-1,1,28,4,17643,6640
ACGCGTTTCTTAAGAG-1,1,29,5,18149,6929
GAGAGCGCAGTCCCTG-1,1,28,6,17644,7221
GTCCTATTGTTGTGGT-1,1,29,7,18151,7510
CATCTGCAGGATCATT-1,1,28,8,17646,7802
GAGTCGACAGACCCTC-1,1,29,9,18152,8091
AAGTGCAAAGGTAGAC-1,1,28,10,17647,8382
AGGGTGGATAGTGCAT-1,1,29,11,18153,8672
TGATAGCGGGATTCTA-1,1,28,12,17649,8963
GTCAGTTTGGTAGTCG-1,1,29,13,18155,9253
GCATTCGAAATGAACA-1,1,28,14,17650,9544
AAAGACTGGGCGCTTT-1,1,29,15,18156,9834
TAACAATATTTGTTGC-1,1,28,16,17651,10125
CCAGCTTCCGCCCGCA-1,1,29,17,18158,10414
GATATGGATTACGCGG-1,1,28,18,17653,10706
AGAGCAGTTATGAGAC-1,1,29,19,18159,10995
TCACATCTTATCTGAT-1,1,28,20,17654,11287
TATGAAGACAGGTGCG-1,1,29,21,18160,11576
TACCTGCTGCACTGTG-1,1,28,22,17656,11868
TAGGTCCAAGTAAGGA-1,1,29,23,18162,12157
GAAACTCGTGCGATGC-1,1,28,24,17657,12449
AACAATTACTCTACGC-1,1,29,25,18163,12738
CCGCACGTGACCTCGG-1,1,28,26,17658,13030
AACTTGCCCGTATGCA-1,1,29,27,18164,13319
GGGTATGTATGCACTT-1,1,28,28,17660,13611
TTCGTACTCCAGAACG-1,1,29,29,18166,13900
GAATTTCTCGCTGCAG-1,1,28,30,17661,14192
AACAGGATGGGCCGCG-1,1,29,31,18167,14481
GACGTGTAGGGATTAT-1,1,28,32,17663,14773
TAGGTGAGCCCTACTC-1,1,29,33,18169,15062
CTAATTCGCACGCGCT-1,1,28,34,17664,15353
GAAGCTTGCTGACCGC-1,1,29,35,18170,15643
GGTTAGGCTTGGAGAA-1,1,28,36,17665,15934
ACAAGGACAAGAGGTT-1,1,29,37,18171,16224
AGGCCACCCGTTATGA-1,1,28,38,17667,16515
GTGGGCTTAGACACAC-1,1,29,39,18173,16805
CGTGTCCCATTCGCGA-1,1,28,40,17668,17096
TGGAGTGATGCGATGA-1,1,29,41,18174,17385
AACAACTGGTAGTTGC-1,1,28,42,17670,17677
CCTGGCTAGACCCGCC-1,1,29,43,18176,17966
CGCAATTAGGGTAATA-1,1,28,44,17671,18258
TCGAAATTTAGGACCA-1,1,29,45,18177,18547
AGACTAGCCTTCCAGA-1,1,28,46,17672,18839
TTGATCTAACTTTGTC-1,1,29,47,18178,19128
AAGGAGCGGTTGGTGC-1,1,28,48,17674,19420
ACTTGGGACCCGGTGG-1,1,29,49,18180,19709
TGATCTCCGGCGCCAG-1,1,28,50,17675,20001
CAGTTCAAATTGACAC-1,1,29,51,18181,20290
GTCCGGCTGAATTGCG-1,1,28,52,17676,20582
CTGGAAATGGATGCTT-1,1,29,53,18183,20871
TGATCGGTTTGACCCT-1,1,28,54,17678,21163
TAGAGTCTAAGCGAAC-1,1,29,55,18184,21452
GAGACTGATGGGTAGA-1,1,28,56,17679,21744
TAGCTAAGTCCGGGAG-1,1,29,57,18185,22033
GGGCGATATGTGTGAA-1,1,28,58,17681,22325
CTCGAGGTCGAACAGT-1,1,29,59,18187,22614
GATCCCTTTATACTGC-1,1,28,60,17682,22905
GTCATGCACCTCCGTT-1,1,29,61,18188,23195
ACTTTCCTATAGCTTC-1,1,28,62,17683,23486
TCGCTCGATATATTCC-1,1,29,63,18190,23776
ATAGGTTGGGCAGATG-1,1,28,64,17685,24067
CAATTAAGGGTGATGA-1,1,29,65,18191,24357
ACCGACTGAGTCCCAC-1,1,28,66,17686,24648
CCTGTCACCCGGGCTC-1,1,29,67,18192,24937
GATCGGTGGCCATAAC-1,1,28,68,17688,25229
CCTATGGGTTACCGTC-1,1,29,69,18194,25518
TTGGGACACTGCCCGC-1,1,28,70,17689,25810
CGAGGCTAAATATGGC-1,1,29,71,18195,26099
TCAGGGTGTAACGTAA-1,1,28,72,17690,26391
CGAGAGATGTGAACCT-1,1,29,73,18196,26680
TCGCTGGGCGGATTGT-1,1,28,74,17692,26972
AGATCTCAGGTGTGAT-1,1,29,75,18198,27261
TGGCCAAACTGAAGTA-1,1,28,76,17693,27553
GCTTCCGTCCCTAGAC-1,1,29,77,18199,27842
CAGCAGCCCGTTCCTT-1,1,28,78,17695,28134
TGTATAACAGATCCTG-1,1,29,79,18201,28423
CGCGGGAATTAGGCAG-1,1,28,80,17696,28715
TGCATGTGGTAATCTA-1,1,29,81,18202,29004
ACAATTTGAGCAGTGG-1,1,28,82,17697,29296
GAGCTAAGGGCATATC-1,1,29,83,18203,29585
CCAGATAGTTGAGTGA-1,1,28,84,17699,29876
CCACAATGTACGTCTT-1,1,29,85,18205,30166
CAATGGATCTCTACCA-1,1,28,86,17700,30457
TGTGGCAAAGCGTATG-1,1,29,87,18206,30747
TAAAGCGTTAGGAGAA-1,1,28,88,17702,31038
TCCGTTTAGCCTTGAA-1,1,29,89,18208,31328
CAGCTCGACAAGTTAA-1,1,28,90,17703,31619
GCCTATAGTGTCAGGG-1,1,29,91,18209,31909
ATAGACAACGGGACCT-1,1,28,92,17704,32200
CTACTATCTTTCAGAG-1,1,29,93,18210,32489
GCGCTGCTTTGCATTT-1,1,28,94,17706,32781
GCGCATCCAGTCAGCA-1,1,29,95,18212,33070
GACTCGCGGGAATGAC-1,1,28,96,17707,33362
CTGGTAACGAGCTCTT-1,0,29,97,18213,33651
TCCGGCCTAGCGTACA-1,0,28,98,17708,33943
TCTAGGTGGCGACGCT-1,0,29,99,18215,34232
ACGCTAGTGATACACT-1,0,28,100,17710,34524
ATCTGCACCTCTGCGA-1,0,29,101,18216,34813
CCTCACCTGAGGGAGC-1,0,28,102,17711,35105
AGTGAGCCTCGCCGCC-1,0,29,103,18217,35394
ACGAGTACGGATGCCC-1,0,28,104,17713,35686
GGTACCATTAAGACGG-1,0,29,105,18219,35975
TTCTGCTAGACTCCAA-1,0,28,106,17714,36267
TAACTATTACGCCAAA-1,0,29,107,18220,36556
GCATTCAAGGCAACGC-1,0,28,108,17715,36848
AGTACATCATTTATCA-1,0,29,109,18222,37137
GTCGTGTCTGGTCATC-1,0,28,110,17717,37428
AGTCTAAAGTATACTC-1,0,29,111,18223,37718
CGGCCCAACCTGTAGT-1,0,28,112,17718,38009
AGGGAGACATACTTCG-1,0,29,113,18224,38299
TCCCTAGATCAATAGG-1,0,28,114,17720,38590
TCCCGTCGCGTCATAG-1,0,29,115,18226,38880
CGCATCCATCAGCCAG-1,0,28,116,17721,39171
CTGCACCTAGTCCACA-1,0,29,117,18227,39460
CGAGGATCGGGAACGA-1,0,28,118,17722,39752
CAATGAGGTTCGACTA-1,0,29,119,18229,40041
TCTGACGGGCTAACCC-1,0,28,120,17724,40333
TTCTATGCCTTTCGCA-1,0,29,121,18230,40622
AGAGTATAGTGTTACG-1,0,28,122,17725,40914
CCATTGTTTCCTCCAT-1,0,29,123,18231,41203
CTCATCACTTAGTGAT-1,0,28,124,17727,41495
CCGAAGGGCGTACCGC-1,0,29,125,18233,41784
TCAAGCTGCCTTGAAA-1,0,28,126,17728,42076
CTCATTAACGTTGCCC-1,0,29,127,18234,42365
GTCTTCCTCACCTAAG-1,1,30,0,18651,5475
GGTGATGAAGGAAGTG-1,1,31,1,19157,5765
TCAATACAATTGCTGC-1,1,30,2,18652,6056
GCAACCCAAGTTGTTT-1,1,31,3,19159,6346
ATGAAGTGGACCCAGC-1,1,30,4,18654,6637
GAGAATCTCACGATCA-1,1,31,5,19160,6926
TATATCATTGATCAGT-1,1,30,6,18655,7218
AACTTTACGGGAGCTT-1,1,31,7,19161,7507
TTCTTGTGTCCATCAG-1,1,30,8,18657,7799
ACAATTTAGGAGGCTC-1,1,31,9,19163,8088
ATACTTGTTCTCGAGC-1,1,30,10,18658,8380
CACGGGATTGAGGGTT-1,1,31,11,19164,8669
GTTAATGTCTATCTTA-1,1,30,12,18659,8961
GCGTTATATTTGGAAC-1,1,31,13,19166,9250
CGTCAAGGCTATAAAT-1,1,30,14,18661,9542
TTAGCTCTGTAATCCG-1,1,31,15,19167,9831
AATGGTCCACCGTTCA-1,1,30,16,18662,10123
GTCATTGCATTGACCC-1,1,31,17,19168,10412
TGTCCGTGGCGCCTTT-1,1,30,18,18664,10704
TCAACTAACGTATAAC-1,1,31,19,19170,10993
TCCTCTCCAGTTGTCC-1,1,30,20,18665,11285
TGTGTTCGTATCCAAG-1,1,31,21,19171,11574
CCGCGTAGGTAAGGGC-1,1,30,22,18666,11866
CTGCGGGTGAAATGTT-1,1,31,23,19172,12155
TATCTACAGAGGTAAT-1,1,30,24,18668,12446
CTACTCTAGGCCCGGC-1,1,31,25,19174,12736
ACAAGCAGTGCCTAGC-1,1,30,26,18669,13027
TACAAGTCTCGTGCAT-1,1,31,27,19175,13317
TCGGAATGCGCTCTGA-1,1,30,28,18671,13608
TCGCGTCCAGAAGGTC-1,1,31,29,19177,13898
TATGGCCCGGCCTCGC-1,1,30,30,18672,14189
GCTGGCATATTCACCT-1,1,31,31,19178,14478
GTCAGAATAGTCTATG-1,1,30,32,18673,14770
GGCGTCCTATCCGCTG-1,1,31,33,19179,15059
CGGAGTTTGAGAGACA-1,1,30,34,18675,15351
AGCACTTAAGGACGCC-1,1,31,35,19181,15640
TCCACAATGGTTTACG-1,1,30,36,18676,15932
CCAACGATGCACTGAT-1,1,31,37,19182,16221
ATTTACAGTTTACTGG-1,1,30,38,18678,16513
CCCTGAAATGAGTTGA-1,1,31,39,19184,16802
CAAACGGTCGCACTTT-1,1,30,40,18679,17094
TGATTCGTCTATCACT-1,1,31,41,19185,17383
TCAGGTTCTTTGAGAA-1,1,30,42,18680,17675
CACGCAGCGAGGCTTT-1,1,31,43,19186,17964
TTAAGCGCCTGACCCA-1,1,30,44,18682,18256
CTTACACGGTATTCCA-1,1,31,45,19188,18545
AAGGCTGTGCTCATCG-1,1,30,46,18683,18837
GACCAGAGCCCTGTAG-1,1,31,47,19189,19126
TCCCAGGCTTAGCTAA-1,1,30,48,18684,19418
ATTGAAGATCTTAGTG-1,1,31,49,19191,19707
AGTTCCTACAGAATTA-1,1,30,50,18686,19998
GGGCTGGTTAGTCGCG-1,1,31,51,19192,20288
GAAATGGCGGTGTTAG-1,1,30,52,18687,20579
TACGAACACGACTTCA-1,1,31,53,19193,20869
ACCACAAGTTTCTATC-1,1,30,54,18689,21160
ATATTTAACCCTCAAG-1,1,31,55,19195,21450
GATCATTCCAAACATT-1,1,30,56,18690,21741
TCCAGGCGAGTACGGT-1,1,31,57,19196,22030
GTTTGACCAAATCCTA-1,1,30,58,18691,22322
CACAGCACCCACGGCA-1,1,31,59,19198,22611
TGCAAGAATGACGTAA-1,1,30,60,18693,22903
GCGAAGCCATACCCGT-1,1,31,61,19199,23192
TCCTTTCTTACGCTTA-1,1,30,62,18694,23484
GCTGCTCTCCGGACAC-1,1,31,63,19200,23773
ACTGTCTTCTTTAGAA-1,1,30,64,18696,24065
TCAAACTTAGATTGTT-1,1,31,65,19202,24354
CTATGTCACTAGCCCA-1,1,30,66,18697,24646
TGCGCAAAGCATTTGG-1,1,31,67,19203,24935
TTAATGTAGACCAGGT-1,1,30,68,18698,25227
GGCGGTAGGATCATTG-1,1,31,69,19205,25516
GGCAATAGTCAATGAG-1,1,30,70,18700,25808
ACACGAGACTCCTTCT-1,1,31,71,19206,26097
GACACAAGGGAAGAAA-1,1,30,72,18701,26389
TCAGCAAATGCATCTC-1,1,31,73,19207,26678
GAGATCTGTCACTCCG-1,1,30,74,18703,26969
ATGCCGGTCTTGCATA-1,1,31,75,19209,27259
TTGGGCGGCGGTTGCC-1,1,30,76,18704,27550
TTGTTGTGTGTCAAGA-1,1,31,77,19210,27840
ACTGTACGATACACAT-1,1,30,78,18705,28131
TCCACTTTATCTAGGT-1,1,31,79,19211,28421
GGTCTGAGAATCTGGA-1,1,30,80,18707,28712
TAGAAAGGTGGCGCTA-1,1,31,81,19213,29001
TATGTCTCATTGTGCC-1,1,30,82,18708,29293
GGATTTCACTTCTATA-1,1,31,83,19214,29582
TGAGTGGTCCGTGACG-1,1,30,84,18710,29874
CGCTTTCTTGCATTCG-1,1,31,85,19216,30163
ACCCAACGCCCGTGGC-1,1,30,86,18711,30455
GAACGTCTCATGGTCG-1,1,31,87,19217,30744
AGGGTTCCCTTTGGTT-1,1,30,88,18712,31036
GTAGCTTCCTCTTGTT-1,1,31,89,19218,31325
GCATGAGGGACGCGGC-1,1,30,90,18714,31617
CTACCCTAAGGTCATA-1,1,31,91,19220,31906
TCACCGCTCGGCACTC-1,1,30,92,18715,32198
GGCTCGCGTTGAGGTA-1,1,31,93,19221,32487
CTAACGAAACTTGCTG-1,1,30,94,18717,32779
TTAAACTCGAATTCAT-1,1,31,95,19223,33068
TACTTTACTGAGCCGG-1,1,30,96,18718,33360
GCTTGGATCGATTAGG-1,1,31,97,19224,33649
CGGTTATCCAACAGTG-1,0,30,98,18719,33941
CAGACCTGTAAGTGTT-1,0,31,99,19225,34230
GACGGTCAATAGAAGC-1,0,30,100,18721,34521
CTGACTGCGCAGCTCG-1,0,31,101,19227,34811
CCATACCTTTACTTGT-1,0,30,102,18722,35102
GTAATAAAGGGCTCCC-1,0,31,103,19228,35392
GTGAACTCCCATTCGA-1,0,30,104,18723,35683
GTGGTTACTTCTTTCG-1,1,31,105,19230,35973
TCAGAACCTCCACAGG-1,0,30,106,18725,36264
TCCCACTCTCTTCCGG-1,1,31,107,19231,36553
ATCTTGACTTGTCCAA-1,0,30,108,18726,36845
TCGGGAACGTGCCTAG-1,1,31,109,19232,37134
GTTAGCCGTAAATCAA-1,0,30,110,18728,37426
ATTTACTAAGTCCATT-1,0,31,111,19234,37715
GGGTGCATATGAAAGC-1,0,30,112,18729,38007
TCCGAATGGTCCTGAG-1,0,31,113,19235,38296
TGATGGCTGTTTCTGA-1,0,30,114,18730,38588
AAATAAGGTAGTGCCC-1,0,31,115,19237,38877
CCACTATCCGGGTCAC-1,0,30,116,18732,39169
ACACCACATAATTAGC-1,0,31,117,19238,39458
CGCGGTAAGTCTAGCT-1,0,30,118,18733,39750
GCGGGCATTACGATGC-1,0,31,119,19239,40039
AGGATTGCTTACGACA-1,0,30,120,18735,40331
CTCGGGATAACACCTA-1,0,31,121,19241,40620
GTCGTCTGGTTGGCTA-1,0,30,122,18736,40912
GCAATTAGTCGCACCG-1,0,31,123,19242,41201
GTGACCTAAAGAATAA-1,0,30,124,18737,41492
CTGAGCGAGACTTATT-1,0,31,125,19243,41782
CAAGACTCAGAAGCGC-1,0,30,126,18739,42073
ACTTCGCTAGCGAGTG-1,0,31,127,19245,42363
CCATACTCGCCTCTCC-1,1,32,0,19662,5473
ACGATACCTATCCTGA-1,1,33,1,20168,5762
CTCACCAGTACAAGTG-1,1,32,2,19663,6054
CGAAGACGGTGAGTGC-1,1,33,3,20169,6343
AAATTAATAAGCGCGA-1,1,32,4,19665,6635
GGGCCCTTATCTATAC-1,1,33,5,20171,6924
CTGCCCACGAAGCGTT-1,1,32,6,19666,7216
GGACAAGTTGCAGTGA-1,1,33,7,20172,7505
GTCCGAGAGCAATCAT-1,1,32,8,19667,7797
ATGGCAGCCGAGAAAC-1,1,33,9,20174,8086
CCTCGGATGCTACCTG-1,1,32,10,19669,8378
ATACGGTGAAGATGCA-1,1,33,11,20175,8667
ACATCAGCTGGGACGC-1,1,32,12,19670,8959
GGTTGTGTAGCCTGGC-1,1,33,13,20176,9248
CCTGCGTTCTACGCTT-1,1,32,14,19672,9539
GAACGTTAGGAAGACG-1,1,33,15,20178,9829
CTGATAGTGTATCTCA-1,1,32,16,19673,10120
TTCTGCGAGCGCCCTT-1,1,33,17,20179,10410
CTTTGGCGCTTTATAC-1,1,32,18,19674,10701
TCCGAACTTGGCTTAC-1,1,33,19,20181,10991
TAGATTCCTGGTTATT-1,1,32,20,19676,11282
CCGACAAAGGGAGTGC-1,1,33,21,20182,11571
CCATGGCCCTTGTACC-1,1,32,22,19677,11863
GAAATATCACCATCAG-1,1,33,23,20183,12152
ACGAAATGGGCGGCAC-1,1,32,24,19679,12444
GTGAGCGTGCTGCACT-1,1,33,25,20185,12733
CCGCGGGTACGAAGAA-1,1,32,26,19680,13025
TCCCTGGCTCGCTGGA-1,1,33,27,20186,13314
CAGCTTAGTAGGTAGC-1,1,32,28,19681,13606
CACGAAAGTTAGTCCC-1,1,33,29,20187,13895
ACCTAATCGACTTCCT-1,1,32,30,19683,14187
AAGTAGTGACGCGAGG-1,1,33,31,20189,14476
TCCGATTACATTGCCG-1,1,32,32,19684,14768
CCTCCGACAATTCAAG-1,1,33,33,20190,15057
GTTCACAGGAGTCTAG-1,1,32,34,19686,15349
CGAAGTTGCTCTGTGT-1,1,33,35,20192,15638
GTCGGATATCTCAGAC-1,1,32,36,19687,15930
CGCTCTCCGTAGATTA-1,1,33,37,20193,16219
CAAGCAACGTCGGAGT-1,1,32,38,19688,16510
CCATTCCCTGCCCACA-1,1,33,39,20194,16800
CTTTGGCTTTAGTAAA-1,1,32,40,19690,17091
GGCTATTAAGTTGTAT-1,1,33,41,20196,17381
CCATTAGCGATAATCC-1,1,32,42,19691,17672
TGTTCTTCCATTGACT-1,1,33,43,20197,17962
AGATAACTTCAGGGCC-1,1,32,44,19693,18253
ATAGACGAAGAGAAAG-1,1,33,45,20199,18542
GGCGGAGTAATATTAG-1,1,32,46,19694,18834
TGACCCACGTTAGACA-1,1,33,47,20200,19123
TCACAGGTTATTGGGC-1,1,32,48,19695,19415
TCACGCATTGTAGATC-1,1,33,49,20201,19704
TTGAAGAATTCCCAGG-1,1,32,50,19697,19996
AAATGGTCAATGTGCC-1,1,33,51,20203,20285
TAGTGCCCTCCAGAGT-1,1,32,52,19698,20577
GGTATTGCCGAGTTTA-1,1,33,53,20204,20866
CGTATTAAGAGATCTA-1,1,32,54,19699,21158
ACTGTCCAGGATTATA-1,1,33,55,20206,21447
CGGGCAGCTAAACCGC-1,1,32,56,19701,21739
TTGCTGATCATGTTCG-1,1,33,57,20207,22028
TATGGGTACGTATCGT-1,1,32,58,19702,22320
CAGCTCACTGAGACAT-1,1,33,59,20208,22609
GGGACTGCATAGATAG-1,1,32,60,19704,22901
ACGCATTCGTGAGTAC-1,1,33,61,20210,23190
CTCTGGACGCCTGGTG-1,1,32,62,19705,23482
AGGGTTTAGTTCGGGA-1,1,33,63,20211,23771
GGGAGAACTCACAGTA-1,1,32,64,19706,24062
ATCAATCTGGGCTGCA-1,1,33,65,20213,24352
TCTTCGATACCAATAA-1,1,32,66,19708,24643
ACGTAGATTGCTGATG-1,1,33,67,20214,24933
TCTTGATGCGTAGCGA-1,1,32,68,19709,25224
GGGCTGCCTAGGGCGA-1,1,33,69,20215,25514
CTCTCACAATCGATGA-1,1,32,70,19711,25805
CCAAGCGTAACTCGTA-1,1,33,71,20217,26094
ACAACAGCATGAGCTA-1,1,32,72,19712,26386
GTCCCAACGTAAAGTA-1,1,33,73,20218,26675
TCGGAGTACATGAGTA-1,1,32,74,19713,26967
GGGAGTTAATGAGGCG-1,1,33,75,20219,27256
CCGGGCGGTCTCGTCA-1,1,32,76,19715,27548
CCGTAAGTTGGTCCCA-1,1,33,77,20221,27837
GGAGGGCTTGGTTGGC-1,1,32,78,19716,28129
TCGGACGCCCAGCCCA-1,1,33,79,20222,28418
TCTGTGCCATCATAGT-1,1,32,80,19718,28710
GTACTGGAGTTAGACC-1,1,33,81,20224,28999
GGAATGCGCTAGCGTG-1,1,32,82,19719,29291
GTGTGAATAACTTAGG-1,1,33,83,20225,29580
GGTCGGCCAGGAGCTT-1,1,32,84,19720,29872
TAGCCGGCGGTCAGCG-1,1,33,85,20226,30161
CGGGTGTACCCATTTA-1,1,32,86,19722,30453
AGTGATTCAAGCAGGA-1,1,33,87,20228,30742
GTTGGATTGAGAACAC-1,1,32,88,19723,31033
CACACGCGCTGTCTTA-1,1,33,89,20229,31323
TAGACGCCCGTACCGG-1,1,32,90,19725,31614
GGTTTCAATCGGTCAG-1,1,33,91,20231,31904
AATCTGCGTTGGGACG-1,1,32,92,19726,32195
TTACGGATGGTTCGAG-1,1,33,93,20232,32485
CGGCAGGGTCGGGTTG-1,1,32,94,19727,32776
GCTTTCAGAGGAGGTG-1,1,33,95,20233,33066
TCTTCCCATGGGCACA-1,1,32,96,19729,33357
TACCGCGGACTTGCAG-1,1,33,97,20235,33646
AGAATTATGGATTCGA-1,1,32,98,19730,33938
ATTGATGAGTCCTAAC-1,0,33,99,20236,34227
TAGGTCGCCGGAACTG-1,0,32,100,19731,34519
TAACCTACCGTCCGAG-1,0,33,101,20238,34808
CTTAGTAGGCCTACAG-1,0,32,102,19733,35100
CTAGATGTGAGTGTAA-1,1,33,103,20239,35389
ACTCCCGAATTCGTTT-1,1,32,104,19734,35681
GTTCATCGTTTGGCTG-1,1,33,105,20240,35970
ACTTTACCCTCATGAA-1,1,32,106,19736,36262
GCGAGAGTTGCGTCCA-1,1,33,107,20242,36551
GTTCGGGCGTACCATT-1,1,32,108,19737,36843
CGACTTTGTATAGCCT-1,1,33,109,20243,37132
GCCATCGATGCTGCAT-1,1,32,110,19738,37424
GCATTTCCAAGGCTCC-1,1,33,111,20245,37713
ATGTAAGGCTGCTCTT-1,1,32,112,19740,38005
ACGTTCGCAATCAATT-1,1,33,113,20246,38294
GTGACGAGGGTGACCC-1,0,32,114,19741,38585
ATTATAGCTACTTTAC-1,0,33,115,20247,38875
CGTGTGTTAAACCCTG-1,0,32,116,19743,39166
TTGGTATGGCTTGTGT-1,0,33,117,20249,39456
CATTCCCATTCCGTCG-1,0,32,118,19744,39747
TGCCGAAAGCGTATTC-1,0,33,119,20250,40037
CAACACATCTCCTGCC-1,0,32,120,19745,40328
CTGCCTCATATGCAAC-1,0,33,121,20252,40617
TCCCGCCTATGTGCGT-1,0,32,122,19747,40909
GGTTACCCGACACTTT-1,0,33,123,20253,41198
CCAGCGGGATCACCAG-1,0,32,124,19748,41490
ATGTTTCGGCCCGGAG-1,0,33,125,20254,41779
GCGTCTAACCTCCTAA-1,0,32,126,19750,42071
ATCAGGTAGCTGACAG-1,0,33,127,20256,42360
GGTATGAAAGAACTGA-1,1,34,0,20673,5471
GTGGCCTAATATCATT-1,1,35,1,21179,5760
CCTGTGAAACCGTAAC-1,1,34,2,20674,6051
GGCAGAGAGATCGGGA-1,1,35,3,21180,6341
TAGCGTCGAATATTGA-1,1,34,4,20675,6632
CGCCGACTATTCGCTA-1,1,35,5,21182,6922
TCTGGCGCAAGCCGGG-1,1,34,6,20677,7213
AGTGGTTGCGTATAGG-1,1,35,7,21183,7503
ATCGGTTACCTAGTAA-1,1,34,8,20678,7794
CCTGCCCGTTGTCTAG-1,1,35,9,21184,8083
GCACACGCCCATGGTC-1,1,34,10,20680,8375
AGTACGGCCCGTATCG-1,1,35,11,21186,8664
TATCTAGCCTAAAGGA-1,1,34,12,20681,8956
CACTCGGTTAGGAGGA-1,1,35,13,21187,9245
ATGTTCGTCGACCCAC-1,1,34,14,20682,9537
TTCCTCTGCCCGAATA-1,1,35,15,21189,9826
TTACTATCGGCTTCTC-1,1,34,16,20684,10118
GCCGCATTAGTCCGGC-1,1,35,17,21190,10407
TAAGGGCTGGGAGAGG-1,1,34,18,20685,10699
TAAGCAGGCGACACGC-1,1,35,19,21191,10988
AGCACTACCGGCCTGT-1,1,34,20,20687,11280
GAAAGCCCTTTGGACC-1,1,35,21,21193,11569
GACCGACTGAAGCGTC-1,1,34,22,20688,11861
CGGTGAAGACTAAAGT-1,1,35,23,21194,12150
CCCTGCGCTACGCATA-1,1,34,24,20689,12442
TACTGGACAGCTCGGC-1,1,35,25,21195,12731
TTAGTAGGGCGGCGGG-1,1,34,26,20691,13023
GAGGCTATCAAAGTCG-1,1,35,27,21197,13312
TTACCATTGATTACCC-1,1,34,28,20692,13603
ATACCACGGGCAACTT-1,1,35,29,21198,13893
TGTCCTAAGTCACCGC-1,1,34,30,20694,14184
AGGTAGGTACAAAGCT-1,1,35,31,21200,14474
GGCATACAGGTAGCGG-1,1,34,32,20695,14765
TGTAGTGATCTATAAT-1,1,35,33,21201,15055
TCCCGGGTGTGCTGCT-1,1,34,34,20696,15346
TACGATGTTGATCATC-1,1,35,35,21202,15635
CCTCTCTCCCATCTAG-1,1,34,36,20698,15927
GCAGGACTATAGAATA-1,1,35,37,21204,16216
CTAGTGAAGGACAGGA-1,1,34,38,20699,16508
TACGAGAACTTCACGT-1,1,35,39,21205,16797
CGTTGTTTCAATTCCC-1,1,34,40,20701,17089
GCAAATATTACGCTTT-1,1,35,41,21207,17378
CCAATAGTGCCGTCGA-1,1,34,42,20702,17670
ATTGCTGCTCCTCCAT-1,1,35,43,21208,17959
GAGATCTGCTTGGCAT-1,1,34,44,20703,18251
GCCGAAATTCCTACGT-1,1,35,45,21209,18540
GGCACTCCACTGGGCA-1,1,34,46,20705,18832
GGGTCACCGTGACGGT-1,1,35,47,21211,19121
CACTTAATCAGACGGA-1,1,34,48,20706,19413
CGTTTCGCTCATTACA-1,1,35,49,21212,19702
ATAAAGGCTCGGTCGT-1,1,34,50,20707,19994
CACTAAAGTTGCCTAT-1,1,35,51,21214,20283
GTGCTCAAGTACTGTC-1,1,34,52,20709,20574
CCATGCCTGTTTAGTA-1,1,35,53,21215,20864
TCTAGTTATCAGAAGA-1,1,34,54,20710,21155
TTGTAATCCGTACTCG-1,1,35,55,21216,21445
TCCCAGCTTTAGTCTG-1,1,34,56,20712,21736
CTACGCACGGAGTACC-1,1,35,57,21218,22026
AAATTAACGGGTAGCT-1,1,34,58,20713,22317
CGGCCACGCACAAAGT-1,1,35,59,21219,22607
GAAGCGTGAGGAATTT-1,1,34,60,20714,22898
ATATCTTAGGGCCTTC-1,1,35,61,21221,23187
ACGCGGGCCAAGGACA-1,1,34,62,20716,23479
GCGAGTTCTGCAAAGA-1,1,35,63,21222,23768
TATTCGTGCCAGAATA-1,1,34,64,20717,24060
AGGGCTGCAGTTACAG-1,1,35,65,21223,24349
CTAGCATAGTATAATG-1,1,34,66,20719,24641
TAGGTTCGAGTTCGTC-1,1,35,67,21225,24930
GAATTATAGTGAAAGG-1,1,34,68,20720,25222
CTATCGGGTCTCAACA-1,1,35,69,21226,25511
GCGCTAATTGAATAGA-1,1,34,70,20721,25803
ATGCGACAGTCCCATT-1,1,35,71,21228,26092
GGTAGTGCTCGCACCA-1,1,34,72,20723,26384
AAGCTCGTGCCAAGTC-1,1,35,73,21229,26673
TATTCAATTCTAATCC-1,1,34,74,20724,26965
TTCAAAGTCTCTAGCC-1,1,35,75,21230,27254
TTGAATATGGACTTTC-1,1,34,76,20726,27546
AAGAGCTCTTTATCGG-1,1,35,77,21232,27835
TTACTCCGGCCGGGAA-1,1,34,78,20727,28126
AAACGAGACGGTTGAT-1,1,35,79,21233,28416
GCTAAGTAGTTTCTCT-1,1,34,80,20728,28707
ATAACGCCGGAGGGTC-1,1,35,81,21234,28997
GGATCCGGAATATACT-1,1,34,82,20730,29288
TGAAAGGACCTGACTC-1,1,35,83,21236,29578
TCCGCGGCAGCATCTG-1,1,34,84,20731,29869
TGCATATGTCTGTCAC-1,1,35,85,21237,30158
TGTAGGAGAAATTTCC-1,1,34,86,20733,30450
AGTGAGACTTCCAGTA-1,1,35,87,21239,30739
CCCAAACATGCTGCTC-1,1,34,88,20734,31031
GCTTATGAAGCAGGAA-1,1,35,89,21240,31320
TTCTAACCGAAGCTTA-1,1,34,90,20735,31612
GGATGTCCTTACCGCA-1,1,35,91,21241,31901
AGGGTGCTCTCGAGGG-1,1,34,92,20737,32193
AACTCTCAATAGAGCG-1,1,35,93,21243,32482
TCTGAATTCCGTACAA-1,1,34,94,20738,32774
GCGTGGTACTGGGTTA-1,1,35,95,21244,33063
CGTCGGATAGTGTTGA-1,1,34,96,20740,33355
ATATGTCTCCCTAGCC-1,1,35,97,21246,33644
TCTTTAAGACTATGAA-1,0,34,98,20741,33936
TCATTTAAGTCTCCGA-1,0,35,99,21247,34225
GATATTGAGATTGGCG-1,0,34,100,20742,34517
TGACATCGAGCGGACC-1,1,35,101,21248,34806
GCGTAAATGGCCATAA-1,1,34,102,20744,35098
ATTGTACAACTCGGCT-1,1,35,103,21250,35387
TACGCTATAGAAACCT-1,1,34,104,20745,35678
CACCCAAATCTTATGT-1,1,35,105,21251,35968
AGATGATGGAGTCTGG-1,1,34,106,20746,36259
CCACGGTGCCCGGTAG-1,1,35,107,21253,36549
TCAAGAAATACTAGCT-1,1,34,108,20748,36840
AGGTATAATTGATAGT-1,1,35,109,21254,37130
CAAGGTCCTATAGGCT-1,1,34,110,20749,37421
CCGGCACGACCGTTTC-1,1,35,111,21255,37710
ACCTCCGTTATTCACC-1,1,34,112,20751,38002
GCAGCCTATATCACAT-1,1,35,113,21257,38291
GGTATAGTGACACATA-1,1,34,114,20752,38583
AAATTCCAGGTCCAAA-1,1,35,115,21258,38872
TCTTTAGCAGGCGAAC-1,0,34,116,20753,39164
TATTGACATTTCTGCC-1,1,35,117,21260,39453
TCTGATCGGGTGCTAG-1,0,34,118,20755,39745
GGCCCGGAGCATGTCT-1,0,35,119,21261,40034
GGGCGCAGCGTTACTC-1,0,34,120,20756,40326
TTGGCGATCCGAATAT-1,0,35,121,21262,40615
CCACGTAAATTAGACT-1,0,34,122,20758,40907
TCTGATTGGAAATGGA-1,0,35,123,21264,41196
ATGGCGGAATAGTCGC-1,0,34,124,20759,41488
ATCGCTTTACGTCTCA-1,0,35,125,21265,41777
TACGTGCAAGGTTCCT-1,0,34,126,20760,42069
CAGGACAGCTGCCCTT-1,0,35,127,21266,42358
CAAACCAGGTCTGCAT-1,1,36,0,21683,5468
ACAAGCTATATGGAAG-1,1,37,1,22190,5757
TCGCCCACTGCGAGAG-1,1,36,2,21685,6049
AGCCGCAAATTCAAAT-1,1,37,3,22191,6338
TTAACGTTAAAGCCTG-1,1,36,4,21686,6630
CAGCGCCAACACGATA-1,1,37,5,22192,6919
ATCCAATGGTACCGAA-1,1,36,6,21688,7211
GTGCTGCAGATAAGGA-1,1,37,7,22194,7500
GGCCTTTGCAACTGGC-1,1,36,8,21689,7792
GTCGTACCTACGATTG-1,1,37,9,22195,8081
TAGAAATTCACGTATA-1,1,36,10,21690,8373
AGAATAAATCTTCAGG-1,1,37,11,22197,8662
CATTGCGAAATGGGCG-1,1,36,12,21692,8954
GTCTACTCAATTACAA-1,1,37,13,22198,9243
TGTAATGACCACAATA-1,1,36,14,21693,9535
AAAGTCGACCCTCAGT-1,1,37,15,22199,9824
TACTCGGCACGCCGGG-1,1,36,16,21695,10116
AGGTGTATCGCCATGA-1,1,37,17,22201,10405
TGTGCTTTACGTAAGA-1,1,36,18,21696,10696
AAACCTCATGAAGTTG-1,1,37,19,22202,10986
TATAGGGTACTCATGA-1,1,36,20,21697,11277
CCAGCTGATGGTACTT-1,1,37,21,22204,11567
AATATTGGAGTATTGA-1,1,36,22,21699,11858
GGCCCTCACCCACTTA-1,1,37,23,22205,12148
AACCAAGACTTCTCTG-1,1,36,24,21700,12439
TCGTATTACCCATTGC-1,1,37,25,22206,12728
ATTCGACGCCGGGCCT-1,1,36,26,21702,13020
GGCGCAGGACATCTTC-1,1,37,27,22208,13309
GTACTCCCTTATCGCT-1,1,36,28,21703,13601
TGGTCTGTTGGGCGTA-1,1,37,29,22209,13890
AATAACAACGCTCGGC-1,1,36,30,21704,14182
CATACCCGTACCCAGT-1,1,37,31,22210,14471
ACAATCCATTTAAACC-1,1,36,32,21706,14763
GTTACAATTGGTGACG-1,1,37,33,22212,15052
TTGCCCTGATCACGGG-1,1,36,34,21707,15344
CTAACCGCGCGCCCGT-1,1,37,35,22213,15633
CTAAAGAATGCCTACT-1,1,36,36,21709,15925
ACCCATCTTGAGGGTA-1,1,37,37,22215,16214
GATCTTTGCAGGGTAT-1,1,36,38,21710,16506
GGGTACTTCATGAACT-1,1,37,39,22216,16795
GCCGCTTGTGAGAAAC-1,1,36,40,21711,17087
CCTGTAAGACATGATA-1,1,37,41,22217,17376
CGACAGTTCGCGTTAT-1,1,36,42,21713,17667
ACGATGCATATGTTAT-1,1,37,43,22219,17957
TGTTCCGCTTCCATGA-1,1,36,44,21714,18248
GGATGACGCGAGTTTA-1,1,37,45,22220,18538
GAAGTTTCCACTCAAT-1,1,36,46,21716,18829
GCGAGGCCCGAGCAGA-1,1,37,47,22222,19119
CATACTATGTAATTGT-1,1,36,48,21717,19410
CCAATGTCACAGCAAG-1,1,37,49,22223,19699
GTTGGATTTGCGTTGG-1,1,36,50,21718,19991
GGGAGGATGCCCGAAA-1,1,37,51,22224,20280
GATCGCGGGCTCTCCA-1,1,36,52,21720,20572
GTTCGCCATAAGTGCC-1,1,37,53,22226,20861
AGATTATAGGACGTTT-1,1,36,54,21721,21153
TCGAGACCAACACCGT-1,1,37,55,22227,21442
TATGGGACCGAGCAGG-1,1,36,56,21722,21734
GATGCGTCCTGCATTC-1,1,37,57,22229,22023
TATGGTCTGAGTAACA-1,1,36,58,21724,22315
GCATAGAGCACTCAGG-1,1,37,59,22230,22604
CTTCATTGTCAGTGGA-1,1,36,60,21725,22896
GCAGATTAGGGATATC-1,1,37,61,22231,23185
CCTGTCGCCCGTAAAT-1,1,36,62,21727,23477
CAATTTCGTATAAGGG-1,1,37,63,22233,23766
GTACACTTACCTGAAG-1,1,36,64,21728,24058
CCAGCCTGGACCAATA-1,1,37,65,22234,24347
ATGGAGCAGGCCGTGA-1,1,36,66,21729,24639
GTCATTAGAGCGAACG-1,1,37,67,22236,24928
AAGACTGCAAGCTACT-1,1,36,68,21731,25219
CTAGTCACGTCTTAAG-1,1,37,69,22237,25509
ACTCTTGTATAGTAAC-1,1,36,70,21732,25800
ATTAGGCGATGCTTTC-1,1,37,71,22238,26090
TTCGGGACTAATCGCG-1,1,36,72,21734,26381
TGGACTGTTCGCTCAA-1,1,37,73,22240,26671
AACGTGCGAAAGTCTC-1,1,36,74,21735,26962
CCACCCAAGGAAAGTG-1,1,37,75,22241,27251
CCGCACAAAGACCAAC-1,1,36,76,21736,27543
GCGATTGTTAACGTTA-1,1,37,77,22242,27832
ACTCGTCAGTAATCCC-1,1,36,78,21738,28124
GGTGATAAGGAGCAGT-1,1,37,79,22244,28413
AAGAGGCATGGATCGC-1,1,36,80,21739,28705
CACGTTCGTGCTCTAG-1,1,37,81,22245,28994
CTATTTGGTTACGGAT-1,1,36,82,21741,29286
GTACAGAGGCAAGGGT-1,1,37,83,22247,29575
GGGCCGGCCGAAGTAC-1,1,36,84,21742,29867
CCTGAACGATATATTC-1,1,37,85,22248,30156
CCGGGCTGCTCCATAC-1,1,36,86,21743,30448
TACTTGTTAGTAGTCC-1,1,37,87,22249,30737
CCTAGGCGTAGCGATC-1,1,36,88,21745,31029
CTGGCGCACAGGTCTG-1,1,37,89,22251,31318
ACTTATACTTACCCGG-1,1,36,90,21746,31610
GAAGTCTCCCTAGCGA-1,1,37,91,22252,31899
ACCGATGGTAGCATCG-1,1,36,92,21748,32190
CGAGTTTATCGGACTG-1,1,37,93,22254,32480
CATAACGGACAGTCGT-1,1,36,94,21749,32771
TGACGATGCACTAGAA-1,1,37,95,22255,33061
TAGGGAGCTTGGGATG-1,1,36,96,21750,33352
AGGGTCGATGCGAACT-1,1,37,97,22256,33642
TATATCCCTGGGAGGA-1,0,36,98,21752,33933
CATCTTACACCACCTC-1,1,37,99,22258,34223
GTGCGACAGGGAGTGT-1,0,36,100,21753,34514
CCGATCTCAACCTTAT-1,1,37,101,22259,34803
ACGATCATCTTGTAAA-1,1,36,102,21754,35095
GAAAGAACAGCGTTAT-1,1,37,103,22261,35384
CTAGGTCTGAAGGAAT-1,1,36,104,21756,35676
ATATCAACCTACAGAG-1,1,37,105,22262,35965
AAATAGCTTAGACTTT-1,1,36,106,21757,36257
GCGACATGTAAACATC-1,1,37,107,22263,36546
ATAAGTAGGGCGACTC-1,1,36,108,21759,36838
GCGAGCGCATGCTCCC-1,1,37,109,22265,37127
AGGGACCGGCTGCGTT-1,1,36,110,21760,37419
CCTATGAAGTGGTGCC-1,1,37,111,22266,37708
GCTTACGTAGTTAGTA-1,1,36,112,21761,38000
CATACTTAGGCAATAC-1,1,37,113,22268,38289
CCTGTCCCTCACGTTA-1,1,36,114,21763,38581
CAATGTGCCAACCCTT-1,1,37,115,22269,38870
GTTAAGTTAGAGTGGG-1,1,36,116,21764,39162
CTGGGATACGCTACCC-1,1,37,117,22270,39451
AACCTGTCACGGAATT-1,1,36,118,21766,39742
ACTGCGGACACACCGT-1,1,37,119,22272,40032
CCGTGAGGCATTCATG-1,0,36,120,21767,40323
GCCCAGATGCTGGAGA-1,1,37,121,22273,40613
TCTGGCCGTTCAAGTT-1,0,36,122,21768,40904
ATACGAAGGCTTTCCA-1,0,37,123,22275,41194
GATCCGAATATAAGTG-1,0,36,124,21770,41485
GTGGAGCATGTCGGCC-1,0,37,125,22276,41774
ACTCTTCAGCTCCCGC-1,0,36,126,21771,42066
CCCGATAGCCTCGCCT-1,0,37,127,22277,42355
ACAGGTGTGTTGTTGC-1,1,38,0,22694,5466
TGAACTGCTATGACTT-1,1,39,1,23200,5755
TGACATATATGACGAT-1,1,38,2,22696,6047
AAGTCTTCTGTGGCCT-1,1,39,3,23202,6336
ACCAGACCATAACAAC-1,1,38,4,22697,6628
TGAGACGTACCTCTCA-1,1,39,5,23203,6917
GACCGTTACATGCGAC-1,1,38,6,22698,7208
GGTTCGGATTATACTA-1,1,39,7,23205,7498
CCTCCTGAGCCCACAT-1,1,38,8,22700,7789
CCGCGATTTGGTAGGT-1,1,39,9,23206,8079
AATCTCTACTGTGGTT-1,1,38,10,22701,8370
ACTTTGACTGCATCCT-1,1,39,11,23207,8660
CCCTGACTAACAAATT-1,1,38,12,22703,8951
ACGCTGTGAGGCGTAG-1,1,39,13,23209,9240
GCATACGAGGTCTTTA-1,1,38,14,22704,9532
TCGGGATTCAAACATA-1,1,39,15,23210,9821
GGGCCCTACGAAAGGG-1,1,38,16,22705,10113
CGCCAAGAAGCCGAGT-1,1,39,17,23212,10402
GGTACATCTGGGACGA-1,1,38,18,22707,10694
GGATGCTGGCGTTCCT-1,1,39,19,23213,10983
CCGATTCGAGGGACCC-1,1,38,20,22708,11275
CCACTGGTGGCTGGTT-1,1,39,21,23214,11564
GACAGGCACACACTAT-1,1,38,22,22710,11856
TCAACGCGACCGGCAG-1,1,39,23,23216,12145
CTACGACTAGCTATAA-1,1,38,24,22711,12437
CGGTTGACCTGGCATA-1,1,39,25,23217,12726
ATCCTGAATCGCTGCG-1,1,38,26,22712,13018
GTTTCATATCGTCGCT-1,1,39,27,23218,13307
ATAAATATTAGCAGCT-1,1,38,28,22714,13599
AAGAGGATGTACGCGA-1,1,39,29,23220,13888
TCCTGCGTTGATACTC-1,1,38,30,22715,14180
CGTGCATTGTCGACGC-1,1,39,31,23221,14469
CCGGGTTCGAGGTTAC-1,1,38,32,22717,14760
CCCAATTTCACAACTT-1,1,39,33,23223,15050
TGATTTATTAGCTGTG-1,1,38,34,22718,15341
TGGAAGAAGGGAACGT-1,1,39,35,23224,15631
GACGCTTGCTTCTAAA-1,1,38,36,22719,15922
GGGAACGGGAGGTTAG-1,1,39,37,23225,16212
GCGGCTCTGACGTACC-1,1,38,38,22721,16503
ACGTTAGATTTGCCCG-1,1,39,39,23227,16792
GAGAGGGCGCGAGGTT-1,1,38,40,22722,17084
GCGTCTCTGCATTGGG-1,1,39,41,23228,17373
GCAGCACACAGCCCAG-1,1,38,42,22724,17665
CAGGCCGTTTGGGTGT-1,1,39,43,23230,17954
AACTCAAGTTAATTGC-1,1,38,44,22725,18246
CTTCGTAGATAGGTGA-1,1,39,45,23231,18535
TGCAGAGTACCGAGCA-1,1,38,46,22726,18827
GAAGTGATTTATCGTG-1,1,39,47,23232,19116
CGCTACGGGACATTTA-1,1,38,48,22728,19408
CCACACTGAGATATTA-1,1,39,49,23234,19697
CGATCCGACCCAGTGC-1,1,38,50,22729,19989
CTGTACTTCTTAGCAT-1,1,39,51,23235,20278
ACTTATTAGGATCGGT-1,1,38,52,22730,20570
TAGTCCGCAGAGAATG-1,1,39,53,23237,20859
TTCACGAAAGGATCAC-1,1,38,54,22732,21151
TACATTTCTAACGTGC-1,1,39,55,23238,21440
ACCATATCCGCAATAA-1,1,38,56,22733,21731
CACTCAAGAGCTATGG-1,1,39,57,23239,22021
TGTACGAACAAATCCG-1,1,38,58,22735,22312
ATCATCCAATATTTGT-1,1,39,59,23241,22602
CGCTATTCTTAGGCTC-1,1,38,60,22736,22893
TGGCAGCAGTAATAGT-1,1,39,61,23242,23183
TCACGTGCCCGATTCA-1,1,38,62,22737,23474
CATACGGCGTCTGGGC-1,1,39,63,23244,23764
CACATGATTCAGCAAC-1,1,38,64,22739,24055
GCTAGTAGAGCTTGTA-1,1,39,65,23245,24344
TGCTGTTGAAGAACTC-1,1,38,66,22740,24636
CGGAGCATGGCGATCC-1,1,39,67,23246,24925
TAGCGTTGGGTCTTAC-1,1,38,68,22742,25217
GTAGCGGCTATACACT-1,1,39,69,23248,25506
TAACATACAATGTGGG-1,1,38,70,22743,25798
TCTTCGAATAGACGTT-1,1,39,71,23249,26087
GATCGTGACTGATATC-1,1,38,72,22744,26379
GATCCGGGAATTAACA-1,1,39,73,23251,26668
TTATATACGCTGTCAC-1,1,38,74,22746,26960
GTCGCGTAACCCGTTG-1,1,39,75,23252,27249
AGCTCTAGACGTTCCA-1,1,38,76,22747,27541
GTCAAGCGGACTCGGG-1,1,39,77,23253,27830
CGAGGGACTGCGGTCG-1,1,38,78,22749,28122
AATCGCCTCAGCGCCA-1,1,39,79,23255,28411
CTTGTTGCTGAGTCAA-1,1,38,80,22750,28703
GATATGAGACACTAAC-1,1,39,81,23256,28992
TTATGATCTTAACGAA-1,1,38,82,22751,29283
CGCCGCCCATGCCTGT-1,1,39,83,23257,29573
CTGGGATAAATAATGG-1,1,38,84,22753,29864
GTGCCCGTTCGGATTC-1,1,39,85,23259,30154
TTCAATACTCTGAATC-1,1,38,86,22754,30445
CGCACATGTCCACTAC-1,1,39,87,23260,30735
AGAAGAGCGCCGTTCC-1,1,38,88,22756,31026
GATAACTCGCACTGTG-1,1,39,89,23262,31315
AGTCGACGGTCTCAAG-1,1,38,90,22757,31607
GTGACCGCACACTACG-1,1,39,91,23263,31896
GTATGTGGGTCTAGTT-1,1,38,92,22758,32188
CTTGAGTTAGGGTAAT-1,1,39,93,23264,32477
TTAGCTGATTTGCCGT-1,1,38,94,22760,32769
GCTGTTGCTACCGAAC-1,1,39,95,23266,33058
TATTACCATCCTGCTT-1,1,38,96,22761,33350
TTGAATTCACGTGAGG-1,1,39,97,23267,33639
CCATCTCACCAGTGAA-1,1,38,98,22763,33931
CGCACGTGCGCTATCA-1,1,39,99,23269,34220
ACCCGGATGACGCATC-1,1,38,100,22764,34512
CGCTAGAGACCGCTGC-1,1,39,101,23270,34801
ATAGTTCCACCCACTC-1,1,38,102,22765,35093
GCAGACCCAGCACGTA-1,1,39,103,23271,35382
TAGACTACCTAGCGTT-1,1,38,104,22767,35674
GGTTCTACTCGTCTGA-1,1,39,105,23273,35963
GACTCACCCACGTGAG-1,1,38,106,22768,36255
AGCTCTTCGTAACCTT-1,1,39,107,23274,36544
ACTATCCAGGGCATGG-1,1,38,108,22769,36835
AAGGATCGATCGCTTG-1,1,39,109,23276,37125
ATATCGGTAGGGAGAT-1,1,38,110,22771,37416
TTCCAGACGAGATTTA-1,1,39,111,23277,37706
GACCGACGTGAAAGCA-1,1,38,112,22772,37997
CCTGGAAACGTTCTGC-1,1,39,113,23278,38287
CCGGTAATGGCTAGTC-1,1,38,114,22774,38578
GCCGTGGAAGAAATGT-1,1,39,115,23280,38867
GTCTTGAGGAGCAGTG-1,1,38,116,22775,39159
TCCCAAAGCCCTAAAT-1,1,39,117,23281,39448
TTGAGCGCCACGTGAT-1,1,38,118,22776,39740
TTGAGTCCCGCTGCTG-1,1,39,119,23283,40029
ATGGAACCTTTGCACA-1,1,38,120,22778,40321
GCTAGCACCTGGGCCA-1,1,39,121,23284,40610
CGCCGTCTACCCATCG-1,1,38,122,22779,40902
GATAGGTGTCCCGGGC-1,1,39,123,23285,41191
AGGTATGCGGACATTA-1,0,38,124,22781,41483
TTGGTTCGCTCAAAGG-1,0,39,125,23287,41772
TCTGGAGCGTAAGAGT-1,0,38,126,22782,42064
TGCCTAAATTTAATAG-1,0,39,127,23288,42353
TAATTTCCGTCCAGTA-1,1,40,0,23705,5463
TCCTTCAATCCCTACG-1,1,41,1,24211,5753
TACCTATCCCTAGAGG-1,1,40,2,23706,6044
GCATGGGTACTGACGC-1,1,41,3,24213,6333
GTCGGGAACATGGTAG-1,1,40,4,23708,6625
GCAAATGAGGACACTT-1,1,41,5,24214,6914
GAATGGGCTTATCGAC-1,1,40,6,23709,7206
TGGTCGTGCAAGGCAA-1,1,41,7,24215,7495
CACCACGCCACACAGA-1,1,40,8,23711,7787
GAACCTCGACCTACAC-1,1,41,9,24217,8076
CAATACGCTCTGAGGC-1,1,40,10,23712,8368
TGGTAAGCAGGATTGA-1,1,41,11,24218,8657
AGTGGCTCCGTCGGCC-1,1,40,12,23713,8949
GATCGGATAGAACCAT-1,1,41,13,24220,9238
GCTACAGTACGGACCG-1,1,40,14,23715,9530
TCTATTACTAGAGGAT-1,1,41,15,24221,9819
TTCAGGCGTCAAAGCC-1,1,40,16,23716,10111
AGACCGGGAAACCCTG-1,1,41,17,24222,10400
AGAGATCTCTAAAGCG-1,1,40,18,23718,10692
CCCTGCCCAATCCGCT-1,1,41,19,24224,10981
GTGGCGGTCCCAGCGT-1,1,40,20,23719,11273
GCATTGTAATTCATAT-1,1,41,21,24225,11562
CCGTTCCGAATCTCGG-1,1,40,22,23720,11853
AGCTTGATCTTAACTT-1,1,41,23,24227,12143
CCTGTACTCACGCCCA-1,1,40,24,23722,12434
AAGTGACGACCGAATT-1,1,41,25,24228,12724
CTCACTTGGCTGGTAA-1,1,40,26,23723,13015
CGCCTGGCCTACGTAA-1,1,41,27,24229,13305
CCCGTAAGTCTAGGCC-1,1,40,28,23725,13596
TTGGACATGTGGCTTA-1,1,41,29,24231,13885
ATTACGCGCTGGCAGG-1,1,40,30,23726,14177
ACGCGCTACACAGGGT-1,1,41,31,24232,14466
TACGTTTACCGGCAAT-1,1,40,32,23727,14758
CGAAACGCAATTCATG-1,1,41,33,24233,15047
TAGTCTAACAACGAGA-1,1,40,34,23729,15339
TTGCATGCTGATCACG-1,1,41,35,24235,15628
TCTGGGTAGCGCTCAT-1,1,40,36,23730,15920
ACATCGGTCAGCCGCG-1,1,41,37,24236,16209
AGATACCGGTGTTCAC-1,1,40,38,23732,16501
GATTACTGAATTTGGG-1,1,41,39,24238,16790
TCCAACTTTAAATTCT-1,1,40,40,23733,17082
TCCTAGCAAAGAAGCT-1,1,41,41,24239,17371
GTCTATCTGAGTTTCT-1,1,40,42,23734,17663
GATGTTCAATCCACGA-1,1,41,43,24240,17952
AGTTAAACACTTGCGA-1,1,40,44,23736,18244
AGCTCTTTACTCAGTT-1,1,41,45,24242,18533
ATCCAGGATTCGTGAA-1,1,40,46,23737,18824
AGTCAACACCACCATC-1,1,41,47,24243,19114
CGATACCTCGCGGACA-1,1,40,48,23739,19405
TACAACGCACAACTCA-1,1,41,49,24245,19695
AATTAAAGGTCGGCGT-1,1,40,50,23740,19986
TACGCAGTTCTTTCCT-1,1,41,51,24246,20276
GACCGTGCTGACGGTG-1,1,40,52,23741,20567
GGCAAATTACTTTACT-1,1,41,53,24247,20856
GGTACAAACATGCTAT-1,1,40,54,23743,21148
CGGGCCTTCTTTGTAA-1,1,41,55,24249,21437
CGTGAAGTTAATTCAC-1,1,40,56,23744,21729
ATAGTGAAGCGTTCTC-1,1,41,57,24250,22018
TACGCCATATTCTAAT-1,1,40,58,23745,22310
GCCGGGTTAGGGTCGC-1,1,41,59,24252,22599
TACATAGGCATACACC-1,1,40,60,23747,22891
GCCGATTGGCCAAGCT-1,1,41,61,24253,23180
CTGCCATGCATCACAT-1,1,40,62,23748,23472
TTATGAATGAAAGGGA-1,1,41,63,24254,23761
GCTGAGGCGTGAGTAT-1,1,40,64,23750,24053
GCGCCGTTCCACGATA-1,1,41,65,24256,24342
CGCATGGTGCGATGCT-1,1,40,66,23751,24634
AGGTTTCACACACCTT-1,1,41,67,24257,24923
CAAGGATCGCATGTTC-1,1,40,68,23752,25215
ACGTTAATGTCGAAGA-1,1,41,69,24259,25504
TCCAGAGCACCGGTTC-1,1,40,70,23754,25796
GATTCGACGGTTCACG-1,1,41,71,24260,26085
GTTTCTGCAGTCTCCC-1,1,40,72,23755,26376
GCTGCACGGTTTCTTA-1,1,41,73,24261,26666
CGTGCAGACTGGGACA-1,1,40,74,23757,26957
GTGTTACTATGCGTCC-1,1,41,75,24263,27247
TCCTCGGGCTGGGCTT-1,1,40,76,23758,27538
GTGAGGACACTTAAGG-1,1,41,77,24264,27828
ATACGCCGGCGAAACC-1,1,40,78,23759,28119
TCTGCCAGAAACTGCA-1,1,41,79,24265,28408
TTCTGCGGGTTAGCGG-1,1,40,80,23761,28700
CTCGGTACCACTGCTC-1,1,41,81,24267,28989
GTAAGTAACAGTCTGG-1,1,40,82,23762,29281
GTGCGTGTATATGAGC-1,1,41,83,24268,29570
ATTTGTCTTGGGAGCT-1,1,40,84,23764,29862
CCTCGGACCGGGATAG-1,1,41,85,24270,30151
TAGGTGCTCGCCTAGC-1,1,40,86,23765,30443
CTTTAGGAACACTGTT-1,1,41,87,24271,30732
TCGGGCCGTCGTGGTA-1,1,40,88,23766,31024
AGTGCTTGCACGAATA-1,1,41,89,24272,31313
TGCAGTTTCCTCCCAT-1,1,40,90,23768,31605
TGAGAGATTTACCACG-1,1,41,91,24274,31894
GAAACAGATGACCACC-1,1,40,92,23769,32186
AGCAACATATCTTATT-1,1,41,93,24275,32475
CAAGTGTGGTTGCAAA-1,1,40,94,23771,32767
GCCTCATCTGGAAATA-1,1,41,95,24277,33056
AACCCTACTGTCAATA-1,1,40,96,23772,33347
ACGTATTACTCCGATC-1,1,41,97,24278,33637
TCTGGGAACCTTTGAA-1,1,40,98,23773,33928
GCTCGCTCATGTCCAA-1,1,41,99,24279,34218
GCGCAAGAGCGCGCTG-1,1,40,100,23775,34509
TTGACGCTCCATGAGC-1,1,41,101,24281,34799
TATAGATGGTCGCAGT-1,1,40,102,23776,35090
TTACATGCCACAACTA-1,1,41,103,24282,35379
ACATGGCGCCAAAGTA-1,1,40,104,23777,35671
TATGGTTAGTGGGAGA-1,1,41,105,24284,35960
CATGACTTCGCTGAAT-1,1,40,106,23779,36252
ACCACCAATGTAACAA-1,1,41,107,24285,36541
TCTTAGAGCTCCAATT-1,1,40,108,23780,36833
CCACGAATTTAACCTC-1,1,41,109,24286,37122
TTCTTGCTAGCATCTC-1,1,40,110,23782,37414
ACACCTTACTACTTGC-1,1,41,111,24288,37703
AGTCGGTTGCGTGAGA-1,1,40,112,23783,37995
ACCTACAGTATGTGGT-1,1,41,113,24289,38284
GAGGATAAACAGTGCT-1,1,40,114,23784,38576
TTCCGGTATCTGTGTC-1,1,41,115,24291,38865
GGAGGCCGAAGTCGTC-1,1,40,116,23786,39157
TTCGCTAGGAAGTTGT-1,1,41,117,24292,39446
TAAAGACAACCCTTTA-1,1,40,118,23787,39738
GTTGCGCTAACATTAC-1,1,41,119,24293,40027
GCTGAACTCTCCAGGG-1,1,40,120,23789,40319
AGCCCTGTCGCACCGT-1,1,41,121,24295,40608
AGCGCTAGAGCGATGT-1,1,40,122,23790,40899
TGCGCCGTTAATAACG-1,1,41,123,24296,41189
TGACAACGCATGTCGC-1,1,40,124,23791,41480
CGTCTTGAGTGTGACG-1,1,41,125,24298,41770
GATAGGATTAATTACA-1,1,40,126,23793,42061
GATACCGTGTCGGAGT-1,1,41,127,24299,42351
TGTGTCGAAGTCGAGG-1,1,42,0,24716,5461
GGATCAGAGCCATCAG-1,1,43,1,25222,5750
GTCCCAATCATCCCGC-1,1,42,2,24717,6042
TGCCACACTAGAGGAA-1,1,43,3,25223,6331
TGAATTTCACTTGCCT-1,1,42,4,24719,6623
CTCAGATTGTGATAAG-1,1,43,5,25225,6912
CGGACGTTACTTGAAG-1,1,42,6,24720,7204
CCGCCTTGCGATGTCG-1,1,43,7,25226,7493
CCAGTCAAATCTCTTA-1,1,42,8,24721,7785
AAACAGCTTTCAGAAG-1,1,43,9,25228,8074
TAGCTGATGTGAAGCG-1,1,42,10,24723,8365
CTTATGCGCTCAGGGC-1,1,43,11,25229,8655
TGGCTCTTGTCGCGTA-1,1,42,12,24724,8946
TTGTGAGGCATGACGC-1,1,43,13,25230,9236
CATAAGCTCTCCGTCT-1,1,42,14,24726,9527
CCTTCTCAGCGTTCCT-1,1,43,15,25232,9817
TGCAGCTACGTACTTC-1,1,42,16,24727,10108
CTCTACACTGGCGATT-1,1,43,17,25233,10397
TGCAGATCGTCCTAGG-1,1,42,18,24728,10689
TGCCAAAGTCAGACTT-1,1,43,19,25235,10978
ACAATAGTCGTACGTT-1,1,42,20,24730,11270
CATGCCAACTCGCAAA-1,1,43,21,25236,11559
TGCAGAACTATATCGT-1,1,42,22,24731,11851
TCGTGTCACGCTGACA-1,1,43,23,25237,12140
TGATCAGGGAACTGCT-1,1,42,24,24733,12432
CTTGCAACCGCCTCCT-1,1,43,25,25239,12721
AGCCCATACATGTAAG-1,1,42,26,24734,13013
ATCCAATGGAGGGTCC-1,1,43,27,25240,13302
AAACCGGGTAGGTACC-1,1,42,28,24735,13594
GCAACCACGGCCGCGT-1,1,43,29,25241,13883
CGCTTATTCCCGGTCG-1,1,42,30,24737,14175
TTACTCTGGTACGTAC-1,1,43,31,25243,14464
GTGGTTTCCGCCTTTC-1,1,42,32,24738,14756
ATAGGCGGCTATAGAA-1,1,43,33,25244,15045
GTGCCATCACACGGTG-1,1,42,34,24740,15337
CCCAACATACGTCGCG-1,1,43,35,25246,15626
CGGTGCAGATAGAACG-1,1,42,36,24741,15917
GGGCGGGTTCCCTACG-1,1,43,37,25247,16207
TGAGCCATACAGTCTC-1,1,42,38,24742,16498
CTCCGCCCACATGAGG-1,1,43,39,25248,16788
GTTGAACCGGTTCCAT-1,1,42,40,24744,17079
TTGACTACCATATGGT-1,1,43,41,25250,17369
ACCATCGTATATGGTA-1,1,42,42,24745,17660
TGCGTAAGAACCTGAT-1,1,43,43,25251,17949
AGAAGGTTGCCGAATT-1,1,42,44,24747,18241
AGGACGACCCATTAGA-1,1,43,45,25253,18530
GGTGCTGGTACACATT-1,1,42,46,24748,18822
GCGCTATGCCGAGGCA-1,1,43,47,25254,19111
ACCCGGTTACACTTCC-1,1,42,48,24749,19403
TAACTCATCCGCGCGG-1,1,43,49,25255,19692
CACAATGAGCTGCTAT-1,1,42,50,24751,19984
GTTACTTTGGGCCTAG-1,1,43,51,25257,20273
GGGCCCGTCTTAAACA-1,1,42,52,24752,20565
GAAATTGTCTCTATAA-1,1,43,53,25258,20854
GGCGCATGAATTGATG-1,1,42,54,24753,21146
CATATAGGTACAGTCA-1,1,43,55,25260,21435
TCAACGAGGAGACAAA-1,1,42,56,24755,21727
TTGCACAATTCAGAAA-1,1,43,57,25261,22016
CATCGGACGGGTTAAT-1,1,42,58,24756,22308
ATTAAACATGCGGACC-1,1,43,59,25262,22597
TATCTACCACAGCGGG-1,1,42,60,24758,22888
CGAGACCCTAGAGTGT-1,1,43,61,25264,23178
ACATCGATCGTTTACC-1,1,42,62,24759,23469
ATCGACCCAATACAGA-1,1,43,63,25265,23759
GAATCTGAACATTCTC-1,1,42,64,24760,24050
AGTTCCTATTTATGTT-1,1,43,65,25267,24340
CAGTCTGTATACTGGG-1,1,42,66,24762,24631
GGAGACGACACCTTTG-1,1,43,67,25268,24921
CCTAAATTAACGGTTC-1,1,42,68,24763,25212
GCTACGACTTATTGGG-1,1,43,69,25269,25501
CTGTGCAGGGTAGGTC-1,1,42,70,24765,25793
ACGCCGCTAGACGACC-1,1,43,71,25271,26082
ACTTGACTCCCTCTTT-1,1,42,72,24766,26374
CGCCTCCCTCCTCTAT-1,1,43,73,25272,26663
CTAGATTTACGACGGC-1,1,42,74,24767,26955
GATGCTGTATTTCATC-1,1,43,75,25274,27244
TGCGTTTGTTGACACT-1,1,42,76,24769,27536
CGTGCCCTCCCGAAGA-1,1,43,77,25275,27825
ACTCTCTGACTTAGGT-1,1,42,78,24770,28117
CTGGGTAGGCAGTTAA-1,1,43,79,25276,28406
GTTTGGCCCAAGTTAT-1,1,42,80,24772,28698
GAATGTGGTCCGGATT-1,1,43,81,25278,28987
CCCAGTTAAGGCGCCG-1,1,42,82,24773,29279
CGGTACTAGAATCAAA-1,1,43,83,25279,29568
GCTTAATGTAACTAAC-1,1,42,84,24774,29860
AGGACAGTCGAATCCC-1,1,43,85,25280,30149
GACAGCCAGACCTGAC-1,1,42,86,24776,30440
GGCGAAATCTAACTTG-1,1,43,87,25282,30730
CTGGTAACACATAGAA-1,1,42,88,24777,31021
TAGCCATTTCAAAGTC-1,1,43,89,25283,31311
GGGATTTACCGCACCT-1,1,42,90,24779,31602
ATGCCATTTGCGACCA-1,1,43,91,25285,31892
GAATAGACGCGACCCA-1,1,42,92,24780,32183
TGTATGGCGCAGACAG-1,1,43,93,25286,32472
GGATGAAGATCGCTGA-1,1,42,94,24781,32764
CGACAATTTGATCTAA-1,1,43,95,25287,33053
AAAGTTGACTCCCGTA-1,1,42,96,24783,33345
CGCGGCTCAACTTGAA-1,1,43,97,25289,33634
CACGCGGAACTGTTGC-1,1,42,98,24784,33926
TCTTAGAGTGAACTCT-1,1,43,99,25290,34215
AGTCCATTGGCTGATG-1,1,42,100,24786,34507
TTAAGATAGGATTGAC-1,1,43,101,25292,34796
ACATCCTGGTAACTGT-1,1,42,102,24787,35088
CACCTTGGCGCCTTTG-1,1,43,103,25293,35377
GCTAGACCGTCTACTG-1,1,42,104,24788,35669
CGGCCCAGGTATATCC-1,1,43,105,25294,35958
GTCCATTACTGCTACG-1,1,42,106,24790,36250
GGGTTTAGGATAGGAT-1,1,43,107,25296,36539
TAATTAGGACATCCGT-1,1,42,108,24791,36831
GCTCCCAGTCGGTCCA-1,1,43,109,25297,37120
ATTCGTGCTATCTCTT-1,1,42,110,24792,37412
GTTAACTATGTTGTCA-1,1,43,111,25299,37701
GCTCCGCTCGCTTCAG-1,1,42,112,24794,37992
GCAACGGCTAGTTATG-1,1,43,113,25300,38282
AATCGCGCAGAGGACT-1,1,42,114,24795,38573
AGGTTACACCATGCCG-1,1,43,115,25301,38863
CGAGATTTCGCTCGGG-1,1,42,116,24797,39154
CGATAATACTCAGGTT-1,1,43,117,25303,39444
AAGGCAGGCTGTCTCC-1,1,42,118,24798,39735
GTAAGTCCACACTCTA-1,1,43,119,25304,40024
ATGAGGGCAGCGGCTA-1,1,42,120,24799,40316
GCCGCACTCCGTTTCA-1,1,43,121,25306,40605
GAGCACGGCGCCTCTT-1,1,42,122,24801,40897
ACAATTTGGCCATATT-1,1,43,123,25307,41186
CTGGTTCGCGAGCTAC-1,1,42,124,24802,41478
GACGGTCCTAGGGTGT-1,1,43,125,25308,41767
ACTCGCGATCTGACGC-1,1,42,126,24804,42059
GTGTACGAACCGTTCC-1,1,43,127,25310,42348
CTTTGACGTCGCTTCT-1,1,44,0,25727,5458
CGTTATCATACTTCCA-1,1,45,1,26233,5748
GCTATGCCAGCTTATG-1,1,44,2,25728,6039
CAGTCGGCCTAGATAT-1,1,45,3,26234,6329
CCCGTGAGGGCGGTGA-1,1,44,4,25729,6620
TCTCGTGTTACGAGGA-1,1,45,5,26236,6910
ACGTCTCGTTCCGGGA-1,1,44,6,25731,7201
CGAGAGCGCGTAGATA-1,1,45,7,26237,7490
GACAGATTTCTGGCTC-1,1,44,8,25732,7782
GGGCCTAAATGGGCTA-1,1,45,9,26238,8071
ACTTGTAGTCCCTTCA-1,1,44,10,25734,8363
CCCGAAGTTTCGCGAA-1,1,45,11,26240,8652
ACCATCCGCCAACTAG-1,1,44,12,25735,8944
TGCGAATATGGGATTT-1,1,45,13,26241,9233
TACATCCCTATCCCTG-1,1,44,14,25736,9525
GTGGGAAGACTGAATC-1,1,45,15,26243,9814
TCAACATCGACCGAGA-1,1,44,16,25738,10106
CTATGTGAGTCACGGC-1,1,45,17,26244,10395
CCGAACACTGGGCCTC-1,1,44,18,25739,10687
AAACTTGCAAACGTAT-1,1,45,19,26245,10976
AGGGCGAGCAGCTGAT-1,1,44,20,25741,11268
AACACGAGACGCGGCC-1,1,45,21,26247,11557
TGACGAATATTTCCCT-1,1,44,22,25742,11849
TCGGAGAGTATCGGGA-1,1,45,23,26248,12138
CAAATCTCTCACAAGG-1,1,44,24,25743,12429
AGGCCCTAGAACGCCA-1,1,45,25,26250,12719
TAGAGATCATGCAACT-1,1,44,26,25745,13010
TTGTTTCCATACAACT-1,1,45,27,26251,13300
GAGAGGTGCATTCTGG-1,1,44,28,25746,13591
GTGGACCAACCCGATT-1,1,45,29,26252,13881
CTGGGCCTGCTATATC-1,1,44,30,25748,14172
CATAGTCCACAAGAAC-1,1,45,31,26254,14462
TTGACATGAACGTGGA-1,1,44,32,25749,14753
GGTTACCACCCTCGGG-1,1,45,33,26255,15042
TACCGGTCGTTTCCAT-1,1,44,34,25750,15334
CGAGTACTAAAGAGGA-1,1,45,35,26256,15623
GCAAGAATTCCTTGGC-1,1,44,36,25752,15915
TCGCCGAAGTTGCGTC-1,1,45,37,26258,16204
TTGAGAGTACTGCTAA-1,1,44,38,25753,16496
GCCACAATTTAAGGAC-1,1,45,39,26259,16785
ATATTCAGTTAAACCT-1,1,44,40,25755,17077
TGAGTGCCTCTTAAAT-1,1,45,41,26261,17366
ATCAGACGGCACGCCG-1,1,44,42,25756,17658
GTGCGAAATCGAACAC-1,1,45,43,26262,17947
GTGCCGCTTCAAAGGT-1,1,44,44,25757,18239
GATACGATGGGAGTCA-1,1,45,45,26263,18528
GACACTGAGTTCAGTG-1,1,44,46,25759,18820
ATCCTGCGTGGAATGG-1,1,45,47,26265,19109
ATCCTACCTAAGCTCT-1,1,44,48,25760,19401
AGTGATATGAGTAGTT-1,1,45,49,26266,19690
ATGATGCAATGGTACA-1,1,44,50,25762,19981
GAAACCGAATTACCTT-1,1,45,51,26268,20271
AGTGACCTACTTTACG-1,1,44,52,25763,20562
CAAATGTCCTTCCGTG-1,1,45,53,26269,20852
TTACTGGGATATTTCA-1,1,44,54,25764,21143
CTTGCCCAGGCTCTAC-1,1,45,55,26270,21433
AAATCGTGTACCACAA-1,1,44,56,25766,21724
GTGATCATAGATCTGC-1,1,45,57,26272,22013
TGGCAGATTACGATCA-1,1,44,58,25767,22305
TCACCCTCTTAAGATT-1,1,45,59,26273,22594
CAGGATATATCGTTGT-1,1,44,60,25768,22886
CCTGACCACCGATGGT-1,1,45,61,26275,23175
CTAAAGGGAAATAGGA-1,1,44,62,25770,23467
CCGCTATCAGCACCAG-1,1,45,63,26276,23756
CTTTAGTGCTATTATT-1,1,44,64,25771,24048
CGGGAATTTATGTAAA-1,1,45,65,26277,24337
TACGACTGCCTCTTAG-1,1,44,66,25773,24629
AAACTGCTGGCTCCAA-1,1,45,67,26279,24918
GTACGTTTGCCCGTCA-1,1,44,68,25774,25210
GGCAAGGCGAAATAGC-1,1,45,69,26280,25499
GATCTTGGAGGGCATA-1,1,44,70,25775,25791
AGCGTGGTATTCTACT-1,1,45,71,26282,26080
CTAAGGGAATGATTGG-1,1,44,72,25777,26372
CATGGTAAGTAGCGTT-1,1,45,73,26283,26661
CGTTGAGCGACCGTCG-1,1,44,74,25778,26953
TGCCCGTACCGTTAAA-1,1,45,75,26284,27242
ACAAGGGCAGGCTCTG-1,1,44,76,25780,27533
GAGATCTTCCATGACA-1,1,45,77,26286,27823
AATGACGTAGGATGTC-1,1,44,78,25781,28114
GTGGTGGCCAAGTGAA-1,1,45,79,26287,28404
TCCCGTGTGCAATTTG-1,1,44,80,25782,28695
ACATCGTATGCAATGG-1,1,45,81,26288,28985
GCGAAACTTAACTGGA-1,1,44,82,25784,29276
AATTGAACGCTCTGGT-1,1,45,83,26290,29565
ACAAATGGTAGTGTTT-1,1,44,84,25785,29857
ATGGTCGCGTGGTTTC-1,1,45,85,26291,30146
TGTTATTGTATGTGGC-1,1,44,86,25787,30438
TTCCGGTTACCCACTT-1,1,45,87,26293,30727
GAGTGTGCGGTACCCA-1,1,44,88,25788,31019
CAAGATATTATAACGT-1,1,45,89,26294,31308
ACACACCAGGACCAGT-1,1,44,90,25789,31600
ATGGGCCTCGGCCTCT-1,1,45,91,26295,31889
AAGGTGATAAACCAGC-1,1,44,92,25791,32181
TCTTACTTATGCCTCT-1,1,45,93,26297,32470
AAAGTGTGATTTATCT-1,1,44,94,25792,32762
TGCTCCACAGTTCTTA-1,1,45,95,26298,33051
CTGGCTGATTCATCCT-1,1,44,96,25794,33343
TAAGGCTGAATCCCTC-1,1,45,97,26300,33632
TCTAGTGATATCGTGG-1,1,44,98,25795,33924
TCGAAGAACCGAGCAC-1,1,45,99,26301,34213
GACAAACATATGCAGG-1,1,44,100,25796,34504
AAGTCAATTGTCGTCA-1,1,45,101,26302,34794
AGTGAACAAACTTCTC-1,1,44,102,25798,35085
CATGATGGAAGTTAGC-1,1,45,103,26304,35375
AAGTGCCTTGACTGTA-1,1,44,104,25799,35666
ATCGCCAGTCAACATT-1,1,45,105,26305,35956
ACCGCGGTGGAAGTCG-1,1,44,106,25800,36247
TCTTCTATAACCCGCC-1,1,45,107,26307,36536
CACATTTCTTGTCAGA-1,1,44,108,25802,36828
TAGCGTCCCTCGATTG-1,1,45,109,26308,37117
GTTCGGATCGGGAACA-1,1,44,110,25803,37409
CAAACTCGCGACGCCG-1,1,45,111,26309,37698
GTCTTGTAGCTATTCA-1,1,44,112,25805,37990
TCTCGACGTATCGCCG-1,1,45,113,26311,38279
TTGCCAAGCAGAACCC-1,1,44,114,25806,38571
AAACCCGAACGAAATC-1,1,45,115,26312,38860
TTGAGCAGCCCACGGT-1,1,44,116,25807,39152
CGCCTTTAGCATGCTC-1,1,45,117,26314,39441
TGTGGCTCCCACCAAC-1,1,44,118,25809,39733
CCGCCGTTGAGGATAA-1,1,45,119,26315,40022
CAATACGAGAGTCTGA-1,1,44,120,25810,40314
CATCTAGTGAAGGGAA-1,1,45,121,26316,40603
GGTGGAGGTTGATACG-1,1,44,122,25812,40895
CCGCACACGAACGTGT-1,1,45,123,26318,41184
AGAACCCAGCGTGACA-1,1,44,124,25813,41476
GCGCTCGATCACCTGT-1,1,45,125,26319,41765
ATCATGGACTACCGAC-1,1,44,126,25814,42056
TACGCCGCCTCAGAAG-1,1,45,127,26320,42346
CGACCTACTAGACAAT-1,1,46,0,26738,5456
GAGTCTTGTAAAGGAC-1,1,47,1,27244,5745
AATATCCTAGCAAACT-1,1,46,2,26739,6037
CCCTAGGCAACAAGAG-1,1,47,3,27245,6326
ACAAAGAAGGTAGGCC-1,1,46,4,26740,6618
CCCTGGCTGTTCCTTC-1,1,47,5,27246,6907
TCGCCGCACCGCGTGA-1,1,46,6,26742,7199
TATAGCGCACGTTATC-1,1,47,7,27248,7488
TTATCTGACATTAGGA-1,1,46,8,26743,7780
AGTGGTGTTACCCGTG-1,1,47,9,27249,8069
GCCAAGAATACTTCTG-1,1,46,10,26744,8361
CCGGCGTGAGACTCTG-1,1,47,11,27251,8650
TTCCCGGCGCCAATAG-1,1,46,12,26746,8942
AAACAGGGTCTATATT-1,1,47,13,27252,9231
ACAGTAATACAACTTG-1,1,46,14,26747,9522
CGAACGGCCGGACAAC-1,1,47,15,27253,9812
GCAACACACTAGAACT-1,1,46,16,26749,10103
ACTCCCATTCCTAAAG-1,1,47,17,27255,10393
ACCTGCGTGTCATGTT-1,1,46,18,26750,10684
TACTTTCCGCACGCCA-1,1,47,19,27256,10974
AGGTCAGGTGAGAGTG-1,1,46,20,26751,11265
TCCTCCTAAGACATTC-1,1,47,21,27258,11554
ATGTGAAAGCCTAATG-1,1,46,22,26753,11846
AGTCGGCTCAACTTTA-1,1,47,23,27259,12135
CGATCTGTTGGAGGAC-1,1,46,24,26754,12427
ACGGGAGTGTCGGCCC-1,1,47,25,27260,12716
TTAACTTCAGGTAGGA-1,1,46,26,26756,13008
CCACGGAGCCATAAGA-1,1,47,27,27262,13297
CTTCTATGTTGAAGTA-1,1,46,28,26757,13589
CACCGTTGCGCGATAT-1,1,47,29,27263,13878
TCTAGCAATCTCCGCC-1,1,46,30,26758,14170
AGTTTGGCCAGACCTA-1,1,47,31,27264,14459
TTGTAAGGACCTAAGT-1,1,46,32,26760,14751
AAATTTGCGGGTGTGG-1,1,47,33,27266,15040
AAGTTCGGCCAACAGG-1,1,46,34,26761,15332
CCGCTTACCTCACTCT-1,1,47,35,27267,15621
ATCACGTGCTAATTAA-1,1,46,36,26763,15913
GGTGAAGTACAGGGAT-1,1,47,37,27269,16202
GCTGTATTACTGGCCC-1,1,46,38,26764,16494
AACGGCCATCTCCGGT-1,1,47,39,27270,16783
TAAGTAACATCTTGAC-1,1,46,40,26765,17074
TTCTTGAGCCGCGCTA-1,1,47,41,27271,17364
AGTGCGTAGCTCGTAA-1,1,46,42,26767,17655
GGGATGGTCGTAACCG-1,1,47,43,27273,17945
GTCTGGGCGGTCGAGA-1,1,46,44,26768,18236
CGGAACGTAAACATAG-1,1,47,45,27274,18526
TGCGACACCCTAGTGC-1,1,46,46,26770,18817
CAAACGAGTATCGCAG-1,1,47,47,27276,19106
TCAGTAGGGACTATAA-1,1,46,48,26771,19398
GCGGTTCCCTATCATG-1,1,47,49,27277,19687
GTGACTTCAGTAGTGC-1,1,46,50,26772,19979
CGTCACGTCCATTGGT-1,1,47,51,27278,20268
ATAAGTTACCGCGACG-1,1,46,52,26774,20560
CTGAATCCGAGACCTC-1,1,47,53,27280,20849
TACGACGCTTGCTGCG-1,1,46,54,26775,21141
GAATTCACCCGGGTGT-1,1,47,55,27281,21430
GGGTGACACCTTAACT-1,1,46,56,26776,21722
TGAGTAAATTAGCGTA-1,1,47,57,27283,22011
GAGTCCGCTTACCGGA-1,1,46,58,26778,22303
GGCGCGTTCGAGTTTA-1,1,47,59,27284,22592
ATTCATATACTGTCCA-1,1,46,60,26779,22884
ATAAACGGACCCGTAA-1,1,47,61,27285,23173
GTCGTACCATCTCGGG-1,1,46,62,26781,23465
ATAATAGCTGTTGAAT-1,1,47,63,27287,23754
TTCCGCGTGAGGCGAT-1,1,46,64,26782,24045
TACCGGCTCACTGCCC-1,1,47,65,27288,24335
GTATCTTTCATAACCA-1,1,46,66,26783,24626
GTTACCTACAACTTGC-1,1,47,67,27290,24916
TGACTATAATCCTTTC-1,1,46,68,26785,25207
AAATACCTATAAGCAT-1,1,47,69,27291,25497
TTATTAGAGCGTGTTC-1,1,46,70,26786,25788
ATGTGGACATCTTGAT-1,1,47,71,27292,26078
GTACGCTTCATTGCAC-1,1,46,72,26788,26369
CACATATTAGCAGGAT-1,1,47,73,27294,26658
CAAGAGGGCGGAGTAC-1,1,46,74,26789,26950
TCGCAAAGATGCATTT-1,1,47,75,27295,27239
GTCGTTATTCGCTTAT-1,1,46,76,26790,27531
TCGTGTACTATGGATG-1,1,47,77,27296,27820
GCGGAGAGGGAGAACG-1,1,46,78,26792,28112
TCACAGGGAATCGCAA-1,1,47,79,27298,28401
GACTGCACCAGCCCAG-1,1,46,80,26793,28693
TCCGCTGTCATCCCGG-1,1,47,81,27299,28982
AGATACTCAAGATCGA-1,1,46,82,26795,29274
ACTGAATGGCGAAAGT-1,1,47,83,27301,29563
TCCTACATCCACGGCC-1,1,46,84,26796,29855
TTCAGCCCTGGTCCAC-1,1,47,85,27302,30144
TTAGAGTTTAGAAGGA-1,1,46,86,26797,30436
GGTTAGCTATATGTCT-1,1,47,87,27303,30725
CTGGTTTCGAGCAAGA-1,1,46,88,26799,31017
TGGGCCCATACTAATT-1,1,47,89,27305,31306
ACTTATTTATGTGCCA-1,1,46,90,26800,31597
TTAGTTATTCGTGGCA-1,1,47,91,27306,31887
AACCGCTAAGGGATGC-1,1,46,92,26802,32178
ATACGTCCACTCCTGT-1,1,47,93,27308,32468
CGACACGCTCCGACAG-1,1,46,94,26803,32759
TCTGAACTCGTACCCG-1,1,47,95,27309,33049
AGGATATAGGGATTTA-1,1,46,96,26804,33340
GTGATCACTAACGCCT-1,1,47,97,27310,33629
ACCGGGCCTTTGTTGA-1,1,46,98,26806,33921
TTGACAGGAGCTCCCG-1,1,47,99,27312,34210
CTCTTCTATTGACTGG-1,1,46,100,26807,34502
CGTGGCCGAATATCTA-1,1,47,101,27313,34791
GGTTTAGCCTTTCTTG-1,1,46,102,26808,35083
TCAAGGTTACTACACC-1,1,47,103,27315,35372
TTGACTATTGTCCGGC-1,1,46,104,26810,35664
CGGGAATATAGTATAC-1,1,47,105,27316,35953
GCAACAGCAGTATGCG-1,1,46,106,26811,36245
ATCAAACACTGTTCCA-1,1,47,107,27317,36534
TGGGCAATAGTTGGGT-1,1,46,108,26813,36826
TGAATGTCAGCCGGCC-1,1,47,109,27319,37115
CGGCTCTAAAGCTGCA-1,1,46,110,26814,37407
GGACACAAGTTTACAC-1,1,47,111,27320,37696
CCGAGAAGTCGCATAA-1,1,46,112,26815,37988
AACTACCCGTTTGTCA-1,1,47,113,27322,38277
GCACAAACGAGGCGTG-1,1,46,114,26817,38569
CACACAGCTTGCGCTC-1,1,47,115,27323,38858
GTGCTTACATCAGCGC-1,1,46,116,26818,39149
GCAAACGTCGCCAGGT-1,1,47,117,27324,39439
GAATAGCATTTAGGGT-1,1,46,118,26820,39730
TACTGTTTCTCTGGTA-1,1,47,119,27326,40020
TCCTATCATAGGTAAC-1,1,46,120,26821,40311
TTCGGTGGAGACGCCC-1,1,47,121,27327,40601
TGTTGCCGTCGTCCCA-1,1,46,122,26822,40892
CCAACTTGATAGATCC-1,1,47,123,27329,41181
CAAAGGTCATCTGAAA-1,1,46,124,26824,41473
CTAGCTTAATGGTCCC-1,1,47,125,27330,41762
AGGCCACATTGGTTAC-1,1,46,126,26825,42054
TTAGGATGGGAGGGTA-1,1,47,127,27331,42343
TATGACCTTGCGCTGG-1,1,48,0,27748,5454
ATATACATGTATGGTA-1,1,49,1,28254,5743
TGTGTGACCATGAATC-1,1,48,2,27750,6035
CCCACTCCACGGTATC-1,1,49,3,28256,6324
GGGCAGACGTCACTGC-1,1,48,4,27751,6615
TCAAAGAGCTATCTGT-1,1,49,5,28257,6905
AGATGCATCCTGTGTC-1,1,48,6,27752,7196
GTGAAGTCACGACTCG-1,1,49,7,28259,7486
TGATTCAGGTCCCGCG-1,1,48,8,27754,7777
CGCCACAGGTCGCGAT-1,1,49,9,28260,8067
TTGAATCGTTGTATAA-1,1,48,10,27755,8358
TGGCCAATTTGGTACT-1,1,49,11,28261,8647
CGACCCTTAACGCCGG-1,1,48,12,27757,8939
TCGGCGTACTGCACAA-1,1,49,13,28263,9228
GAGTAAGGCCACGGGA-1,1,48,14,27758,9520
ATCAGCTCGTCCACTA-1,1,49,15,28264,9809
AGGATCACGCGATCTG-1,1,48,16,27759,10101
AAATGGCCCGTGCCCT-1,1,49,17,28266,10390
CAGTACCAGTTTACGT-1,1,48,18,27761,10682
GGTCGTAAGCTCGCAC-1,1,49,19,28267,10971
CGTTCATGGTGCGCGT-1,1,48,20,27762,11263
GACTACAAAGCGGTGG-1,1,49,21,28268,11552
CAGCTGGCGTAACCGT-1,1,48,22,27764,11844
ACTCGTAACCCGTCCT-1,1,49,23,28270,12133
CATATGTCAGGCTACG-1,1,48,24,27765,12425
GCCCGACTTCTTCCCG-1,1,49,25,28271,12714
CTGGCATCCGAATGAG-1,1,48,26,27766,13006
AAGTGCGTTAGAATCT-1,1,49,27,28272,13295
AGAAGTGATTCGTGAT-1,1,48,28,27768,13586
TACCTTAAGATTTCCC-1,1,49,29,28274,13876
AATGACAGCAATGTCT-1,1,48,30,27769,14167
TCAACGCAGGAAATAA-1,1,49,31,28275,14457
TATTCCTCCGCCCACT-1,1,48,32,27771,14748
ATCAAACGAAGGTTTG-1,1,49,33,28277,15038
TTGATTAGCTGTTTCT-1,1,48,34,27772,15329
CTGCTGAGGCCACGAA-1,1,49,35,28278,15619
CCGTGTTAAATTCCAT-1,1,48,36,27773,15910
CACGTCGGCAACCTCT-1,1,49,37,28279,16199
GTATTCTGAGAAACGA-1,1,48,38,27775,16491
CGGTGCGCGTTGGTCC-1,1,49,39,28281,16780
GTGATTCGCCGCTCAA-1,1,48,40,27776,17072
GCCCGCGCGTAAACGG-1,1,49,41,28282,17361
AACGTACTGTGGGTAC-1,1,48,42,27778,17653
GAGTATGCCCGCCTTG-1,1,49,43,28284,17942
TGATTCTGTCGCCGGT-1,1,48,44,27779,18234
GGGCGGCAAATGAATT-1,1,49,45,28285,18523
TTCCAATCTGGCTATC-1,1,48,46,27780,18815
GGAACCGTGTAAATTG-1,1,49,47,28286,19104
TTGGTCACACTCGTAA-1,1,48,48,27782,19396
CGAACCCGCATGCGTC-1,1,49,49,28288,19685
GGGCGTCACCACGTAA-1,1,48,50,27783,19977
TACCAGAAGTAGGTTC-1,1,49,51,28289,20266
TTGGATATCGTCTACG-1,1,48,52,27784,20558
TAGATATGGACTGGAA-1,1,49,53,28291,20847
GCGACGATAGTTGTAC-1,1,48,54,27786,21138
CTGGATTTACACTTGA-1,1,49,55,28292,21428
GTTATATTATCTCCCT-1,1,48,56,27787,21719
TATTCCACTCAGCTCG-1,1,49,57,28293,22009
CTGTTACCCAATCTAG-1,1,48,58,27789,22300
ACGCGAAGTCAGACGA-1,1,49,59,28295,22590
GATAGGTAACGTTGAC-1,1,48,60,27790,22881
TGTTCGTATTGCGGTG-1,1,49,61,28296,23170
GGTCAGTGGGTCCCAC-1,1,48,62,27791,23462
AATTCTAGAGTTAGGC-1,1,49,63,28298,23751
GTTTACGTTCCATCTG-1,1,48,64,27793,24043
AGACCCACCGCTGATC-1,1,49,65,28299,24332
TCTAGCATGCCCAGAA-1,1,48,66,27794,24624
CCCGCAGCGCGAACTA-1,1,49,67,28300,24913
CTCTATTTGGCTGCAG-1,1,48,68,27796,25205
TTCTGCCGCGCCTAGA-1,1,49,69,28302,25494
ACTCCCTAGAATAGTA-1,1,48,70,27797,25786
CCGAACCTTCCCGGCC-1,1,49,71,28303,26075
TCAGACGCTATAGAAG-1,1,48,72,27798,26367
CAGGCGCCATGCTAGG-1,1,49,73,28305,26656
CACTCGAGCTGAACAA-1,1,48,74,27800,26948
ACAAGGAAATCCGCCC-1,1,49,75,28306,27237
ACCACGTGCAGCTATA-1,1,48,76,27801,27529
ACGGCGACGATGGGAA-1,1,49,77,28307,27818
TTACTAAAGGACTTTA-1,1,48,78,27803,28110
GGCTGAAATAGCAAAG-1,1,49,79,28309,28399
TTAGACGAGTCACCTC-1,1,48,80,27804,28690
GTAGTCGCGGGAATCA-1,1,49,81,28310,28980
GCAAACCCTACATTAT-1,1,48,82,27805,29271
GTTAAAGTAGGACTGG-1,1,49,83,28311,29561
ACCCTCCCTTGCTATT-1,1,48,84,27807,29852
CATGTCTCATTTATGG-1,1,49,85,28313,30142
AATAGAATCTGTTTCA-1,1,48,86,27808,30433
TCTCATGAGATAGGGT-1,1,49,87,28314,30722
ATGACTATGCGACATT-1,1,48,88,27810,31014
CCTAACCCAAACAAGT-1,1,49,89,28316,31303
AGTCAAGATGACACTT-1,1,48,90,27811,31595
CGGGAGCTTCAGTGTA-1,1,49,91,28317,31884
CCACAGTACCCATCCT-1,1,48,92,27812,32176
GAGCGCGCACGAGTAG-1,1,49,93,28318,32465
ACCAGTGCGGGAGACG-1,1,48,94,27814,32757
TCCTTACGACGGTCCG-1,1,49,95,28320,33046
TAGTCGATCACGGGTT-1,1,48,96,27815,33338
AGACGAAGTGCCGGTC-1,1,49,97,28321,33627
CGCTGGTGACTACCCT-1,1,48,98,27817,33919
AGGCATTGTCGTAGGG-1,1,49,99,28323,34208
TGGTAGAATATATGGG-1,1,48,100,27818,34500
TTCTTATCCGCTGGGT-1,1,49,101,28324,34789
AGTTTGGCACGGGTTG-1,1,48,102,27819,35081
GCATCGGCCGTGTAGG-1,1,49,103,28325,35370
ATGCGAGTCCCACCAC-1,1,48,104,27821,35661
TCGGCGAACCCAAACC-1,1,49,105,28327,35951
AGAGTAAACTTCACTA-1,1,48,106,27822,36242
AAGCCGAAGCGGTTTA-1,1,49,107,28328,36532
CCCGAGTTTCTCCGTA-1,1,48,108,27823,36823
AATATCGAATCAATGC-1,1,49,109,28330,37113
GCGCCTCCCACTCCGA-1,1,48,110,27825,37404
CGTTAAACTAGTTAGG-1,1,49,111,28331,37693
TGAGTTAAAGACATTC-1,1,48,112,27826,37985
AACAGGTAGTATGGAT-1,1,49,113,28332,38274
GAACGCGGGTCACACG-1,1,48,114,27828,38566
TGTTTGAGATCGTCAG-1,1,49,115,28334,38855
ATCTCGTGAGCGAAAC-1,1,48,116,27829,39147
CTGAGAAAGTTCGGCG-1,1,49,117,28335,39436
ATTACCACACTGCCTG-1,1,48,118,27830,39728
CTGCTGTCTAACGAGC-1,1,49,119,28337,40017
CGTGGAAGCCTCGTAC-1,1,48,120,27832,40309
GGACTCACAAATTAGG-1,1,49,121,28338,40598
CTTTGCTGTCATGGAT-1,1,48,122,27833,40890
GGTGTTGGGCGTCTTA-1,1,49,123,28339,41179
TACCATGTATTGATTT-1,1,48,124,27835,41471
GGTCTCCAAGTAGTGC-1,1,49,125,28341,41760
ATCCTTCTGAAAGAAC-1,1,48,126,27836,42052
CCGGAAGTTATCAGTC-1,1,49,127,28342,42341
TTAGAGGGATATACAG-1,1,50,0,28759,5451
TTGTACACCTCGAACA-1,1,51,1,29265,5740
GTGGGTACTGAGCGTA-1,1,50,2,28760,6032
CTTAAGCAGCGAGCCG-1,1,51,3,29267,6321
GCATTGACTTGCGGAA-1,1,50,4,28762,6613
CCATAACCTGTGCAGT-1,1,51,5,29268,6902
GGGCTACTATTTCGTG-1,1,50,6,28763,7194
GGCGAGCGAAACGGCA-1,1,51,7,29269,7483
GGAGACCATCTACATA-1,1,50,8,28765,7775
AGACCAAACCACACCT-1,1,51,9,29271,8064
CGACGCATCCGTACCT-1,1,50,10,28766,8356
CCTAGGTAAAGGTAGC-1,1,51,11,29272,8645
AGCGGCGGTTAGCGGT-1,1,50,12,28767,8937
CTGGACGCAGTCCGGC-1,1,51,13,29274,9226
AGCCTAATACCCACGT-1,1,50,14,28769,9518
AATCTGGCTTTCTAGT-1,1,51,15,29275,9807
CACCCTTGGTGAGACC-1,1,50,16,28770,10099
GGATCTTGACTCAACC-1,1,51,17,29276,10388
ACGAGGATACCACTCT-1,1,50,18,28772,10679
GAGTTGATGGCAATTT-1,1,51,19,29278,10969
GTGGCAAACAGCGGCA-1,1,50,20,28773,11260
GATGTAACGAACCACC-1,1,51,21,29279,11550
AGCCGTGGCTAAATGT-1,1,50,22,28774,11841
CTCCCTCCTTTCGATC-1,1,51,23,29281,12131
TTGGAAGAATACAGTC-1,1,50,24,28776,12422
AGTTAAGTCAACCGCT-1,1,51,25,29282,12711
CTCATGGTAATTTGCG-1,1,50,26,28777,13003
AAAGTAGCATTGCTCA-1,1,51,27,29283,13292
TTGTGGTAGGAGGGAT-1,1,50,28,28779,13584
AGTCGTGGGCATTACG-1,1,51,29,29285,13873
ACCTAAGTACCTTTCA-1,1,50,30,28780,14165
GTAGAGGGAGACAAGT-1,1,51,31,29286,14454
GATCCTCGACACTGGC-1,1,50,32,28781,14746
CCTACATTCACAGACG-1,1,51,33,29287,15035
TTGACCGTGTTAATGA-1,1,50,34,28783,15327
TCTGTTACCCAGCATA-1,1,51,35,29289,15616
CTAACTGGTCCGGTTC-1,1,50,36,28784,15908
AGCGACAGGAACGGTC-1,1,51,37,29290,16197
TAATAGAACAGAGTTA-1,1,50,38,28786,16489
ACAGGTGGAGGTGAGG-1,1,51,39,29292,16778
TGCGAGAATATTACCC-1,1,50,40,28787,17070
TTGCGTCGGCCAACCG-1,1,51,41,29293,17359
AGGCTTCCCGAAGAAG-1,1,50,42,28788,17651
GCGGACCGCGTTGTGG-1,1,51,43,29294,17940
GTAATCTGATTCTTCG-1,1,50,44,28790,18231
CCGCGGAATGCGTCAC-1,1,51,45,29296,18521
TTCCACACAGATTTGA-1,1,50,46,28791,18812
CTTCTATTAATGCTAG-1,1,51,47,29297,19102
CATTTGAGTGGTACGT-1,1,50,48,28793,19393
TCACAGCAAACTCGAA-1,1,51,49,29299,19683
CAGACGAACCTGATAC-1,1,50,50,28794,19974
TAGCTAGAAGGCATGA-1,1,51,51,29300,20263
ATCCAGAGCAACAACC-1,1,50,52,28795,20555
TCCGGTTCGTCCGGTC-1,1,51,53,29301,20844
CGCGCATGTTTGATTG-1,1,50,54,28797,21136
TGGCGATCAAGTTATG-1,1,51,55,29303,21425
CCCTTTGACAGGTCTT-1,1,50,56,28798,21717
CAGAGACGGTCACCCA-1,1,51,57,29304,22006
TAGCTCGCCTGATAAC-1,1,50,58,28799,22298
TTGTGTTTCCCGAAAG-1,1,51,59,29306,22587
TATACACAGACGCCTT-1,1,50,60,28801,22879
ACATTAGTTTATATCC-1,1,51,61,29307,23168
CCATCGCAGTTAAACT-1,1,50,62,28802,23460
AATTAGCGCTGCAGCG-1,1,51,63,29308,23749
TCCGCTTATCCCATTA-1,1,50,64,28804,24041
GTTTGGGCTTGTGAGC-1,1,51,65,29310,24330
CTTGTCAACATTCGAG-1,1,50,66,28805,24622
GGACCAACAGGATAAC-1,1,51,67,29311,24911
AAGCTAGATCGAGTAA-1,1,50,68,28806,25202
TACCGTGCCTCGGACC-1,1,51,69,29313,25492
GTAGCCAAACATGGGA-1,1,50,70,28808,25783
TGCCAGTACGTGGAGA-1,1,51,71,29314,26073
ATAAGGTGGAGAACAT-1,1,50,72,28809,26364
CTTTAATATTGGTCGA-1,1,51,73,29315,26654
TGGTTCAACGGGTAAT-1,1,50,74,28811,26945
GCTGCTACTGCGTAGC-1,1,51,75,29317,27234
CTGCACAACTACATAT-1,1,50,76,28812,27526
ATATTCCACATAGTGA-1,1,51,77,29318,27815
TGGCAAACTAAATTAC-1,1,50,78,28813,28107
ACCGCAATAACTGCCT-1,1,51,79,29319,28396
TCGCACCAGGAGGCAG-1,1,50,80,28815,28688
ACTTCAGGCTGATCCC-1,1,51,81,29321,28977
ACAAATCGCACCGAAT-1,1,50,82,28816,29269
TCTGATGTATTCTGTC-1,1,51,83,29322,29558
CTTTACCGAATAGTAG-1,1,50,84,28818,29850
GCAGATCCATAAGACT-1,1,51,85,29324,30139
TTCCTCGGACTAACCA-1,1,50,86,28819,30431
TTATCCGGGATCTATA-1,1,51,87,29325,30720
CTGGAAGACACGGTGG-1,1,50,88,28820,31012
GTTCGTCTAAAGAACT-1,1,51,89,29326,31301
GTCTATTGGTTCCGGT-1,1,50,90,28822,31593
CTAGGCGCCCTATCAG-1,1,51,91,29328,31882
AACGGACGTACGTATA-1,1,50,92,28823,32174
AACACACGCTCGCCGC-1,1,51,93,29329,32463
GCTACTATAGTAGAGT-1,1,50,94,28825,32754
AGCATATCAATATGCT-1,1,51,95,29331,33044
CGAACAGTATGGGCGT-1,1,50,96,28826,33335
ACAATTGTGTCTCTTT-1,1,51,97,29332,33625
GATCGCTACCCGATTT-1,1,50,98,28827,33916
ATTGCGATCAGTAACT-1,1,51,99,29333,34206
CAGCAGTCCAGACTAT-1,1,50,100,28829,34497
AGAGGCTTCGGAAACC-1,1,51,101,29335,34786
AAACAAGTATCTCCCA-1,1,50,102,28830,35078
GGCAGCAAACCTATGC-1,1,51,103,29336,35367
ACTAGTTGCGATCGTC-1,1,50,104,28831,35659
TTGGACCATCTGGCAA-1,1,51,105,29338,35948
CCCTCCTCGCTCGTAT-1,1,50,106,28833,36240
GAGCGCAAATACTCCG-1,1,51,107,29339,36529
ATTACATGTCAGTCTT-1,1,50,108,28834,36821
TTGGGACGTAAGAGTT-1,1,51,109,29340,37110
CTTCGGCCAATTGTTT-1,1,50,110,28836,37402
AGACCGCTCCGCGGTT-1,1,51,111,29342,37691
GACCGCGTCTGACGTG-1,1,50,112,28837,37983
CCAAATAACAAGATTC-1,1,51,113,29343,38272
TCTTTAGAGTCTAACA-1,1,50,114,28838,38564
CTCCCAATGAGTCGCG-1,1,51,115,29345,38853
TAGTCTTTCCGAATTG-1,1,50,116,28840,39145
GAGTAAACCGGAAAGT-1,1,51,117,29346,39434
GATCTCGACGCTGTGG-1,1,50,118,28841,39726
CTGACATAGAAATAGA-1,1,51,119,29347,40015
TATACCGAGTGCCACA-1,1,50,120,28843,40306
TCCGAACGTTGCCGCT-1,1,51,121,29349,40596
GCAGAAGGTAATCTCC-1,1,50,122,28844,40887
GGTACTAAGTGCTTTG-1,1,51,123,29350,41177
CAGAATATTCGTTATC-1,1,50,124,28845,41468
TAATCAACCAAATGGG-1,1,51,125,29352,41758
TCTGCTTAGAACAAGC-1,1,50,126,28847,42049
AACTGAGTTATACTGA-1,1,51,127,29353,42338
CCTCAACGATCGCTGT-1,1,52,0,29770,5449
CGGTACGGCAAACCCA-1,1,53,1,30276,5738
CAGATGTTTGTCCCAA-1,1,52,2,29771,6030
GTTTGTTAGCCAAGTA-1,1,53,3,30277,6319
ACGTGACAAAGTAAGT-1,1,52,4,29773,6611
TTGTCACCGCGGTATC-1,1,53,5,30279,6900
GATCTAACCGTATTCA-1,1,52,6,29774,7192
ATGGAAATTTAAGGAG-1,1,53,7,30280,7481
ATTGATCACCACATTT-1,1,52,8,29775,7772
ACTGCTCGGAAGGATG-1,1,53,9,30282,8062
TCTAAAGAACAGTCTC-1,1,52,10,29777,8353
CTGGGTTGAGTTAAAG-1,1,53,11,30283,8643
CCCAGTAAACTTGGGA-1,1,52,12,29778,8934
AGATTCACAACCGATA-1,1,53,13,30284,9224
AGAAGGTACACTTCAC-1,1,52,14,29780,9515
GCAGGAACTTAGATCT-1,1,53,15,30286,9804
AATCTAGGTTTACTTG-1,1,52,16,29781,10096
CCCGGTGTATCGGAAT-1,1,53,17,30287,10385
TTATCCTCAAGGAATA-1,1,52,18,29782,10677
AGCATCATTTCGAAAG-1,1,53,19,30289,10966
CGCGAGTCTGCCGGGT-1,1,52,20,29784,11258
TGCGTCATGACTGAGC-1,1,53,21,30290,11547
GTATGAAATTTCACTC-1,1,52,22,29785,11839
TTGGTTGCGGTGCGCG-1,1,53,23,30291,12128
ACAGAACTGAGAACAA-1,1,52,24,29787,12420
CTACTATCATAGGTTT-1,1,53,25,30293,12709
CCTCTATCGATTAGCA-1,1,52,26,29788,13001
CCGTATCTCGTCGTAG-1,1,53,27,30294,13290
TCACGATGTCCGTGGA-1,1,52,28,29789,13582
TCAACAAAGATAATTC-1,1,53,29,30295,13871
ATGACGCGTTCTATCC-1,1,52,30,29791,14163
ATTTGCGCGAGTAGCT-1,1,53,31,30297,14452
TTCTTGGACGATCTGC-1,1,52,32,29792,14743
AGACGACGATGCCGCT-1,1,53,33,30298,15033
GGTCTCTGAATGGACT-1,1,52,34,29794,15324
GCTCAATCCGTTTATT-1,1,53,35,30300,15614
CCAGAAAGCAACTCAT-1,1,52,36,29795,15905
CACCGTTAGGGATCAC-1,1,53,37,30301,16195
AATAACACTAGAACAA-1,1,52,38,29796,16486
CACCCGGTTTGTGACT-1,1,53,39,30302,16776
CCACCAACTTTACTGT-1,1,52,40,29798,17067
AACTCTCAGTGTGCTC-1,1,53,41,30304,17356
AAACCGTTCGTCCAGG-1,1,52,42,29799,17648
CAGCGATTCCCTTCAA-1,1,53,43,30305,17937
GCTAGCTTGAATAGCT-1,1,52,44,29801,18229
TTGCGGCATCAGAAAG-1,1,53,45,30307,18518
AATAGAACAGAGTGGC-1,1,52,46,29802,18810
GCCATCGAGCTGCGTG-1,1,53,47,30308,19099
ACACTGATCAAGGTGT-1,1,52,48,29803,19391
ACCAACGCTTATTTAT-1,1,53,49,30309,19680
GACATCGATTTATAAC-1,1,52,50,29805,19972
CAGACACCGATCGCTG-1,1,53,51,30311,20261
CCAAGAAAGTGGGCGA-1,1,52,52,29806,20553
GGTAGACCGTTGGGCG-1,1,53,53,30312,20842
TCGTTAGGAGTCCCTA-1,1,52,54,29807,21134
ACGGCCAACATGGACT-1,1,53,55,30314,21423
GTGAGTGGTACAACGC-1,1,52,56,29809,21715
GAGACTTCGCGACCGA-1,1,53,57,30315,22004
GAAGTCAGTTGCACTA-1,1,52,58,29810,22295
GTTTGGTAGGGTCAAC-1,1,53,59,30316,22585
ACGGCACTTGCTTGGG-1,1,52,60,29812,22876
CCTCTGTACTATTCTA-1,1,53,61,30318,23166
CTATTCATGTGTCCCA-1,1,52,62,29813,23457
GCCCGATCTGTGGTCG-1,1,53,63,30319,23747
TTAGAAGAACATGACT-1,1,52,64,29814,24038
AGGATAAAGTCGGGAT-1,1,53,65,30321,24327
CGGCAAACATCGTGCG-1,1,52,66,29816,24619
CTAGTTACAACCCGGT-1,1,53,67,30322,24908
TTCGACAGAGCCCGTG-1,1,52,68,29817,25200
AAGCATACTCTCCTGA-1,1,53,69,30323,25489
GACGACGATCCGCGTT-1,1,52,70,29819,25781
GGTAGAAGACCGCCTG-1,1,53,71,30325,26070
GAGATGGGAGTCGACA-1,1,52,72,29820,26362
AACGATAATGCCGTAG-1,1,53,73,30326,26651
TGGTCCCACGCTACGG-1,1,52,74,29821,26943
CTGCTTGGCGATAGCT-1,1,53,75,30328,27232
ATCGGAGACAGACGGC-1,1,52,76,29823,27524
TAGCGTCCGGTGTGGT-1,1,53,77,30329,27813
GTTGAGTCCCGCCGGT-1,1,52,78,29824,28105
AAATAGGGTGCTATTG-1,1,53,79,30330,28394
AAGTGTTTGGAGACGG-1,1,52,80,29826,28686
AGCACTACCTCACCAG-1,1,53,81,30332,28975
TGCCTTGGCCAGGCAA-1,1,52,82,29827,29267
TCGTCTTAGGCGTTAA-1,1,53,83,30333,29556
TTCTGACCGGGCTCAA-1,1,52,84,29828,29847
CAGAACTTAGCCCTCT-1,1,53,85,30334,30137
AGCTCCTTCGCACATC-1,1,52,86,29830,30428
ACAGGCTTGCCCGACT-1,1,53,87,30336,30718
GCTATACGTCTCGGAC-1,1,52,88,29831,31009
GAGCCAGCTACCTGTG-1,1,53,89,30337,31299
TGCTAAGTGTCTATTT-1,1,52,90,29833,31590
GTCCTACGAATAGTCT-1,1,53,91,30339,31879
CAGTGTCGGCTGGCCC-1,1,52,92,29834,32171
CTATCGACGAAATACA-1,1,53,93,30340,32460
CATCATTACCCTGAGG-1,1,52,94,29835,32752
TAAGTTGCGACGTAGG-1,1,53,95,30341,33041
AGTGCACGCTTAAGAA-1,1,52,96,29837,33333
TGTGCCGGTGCCGGAA-1,1,53,97,30343,33622
AGGAGGCCTTCGCGCG-1,1,52,98,29838,33914
TCCGCGGCCCAATGAA-1,1,53,99,30344,34203
TCCGTTAAGCTAATAT-1,1,52,100,29840,34495
AAATCTAGCCCTGCTA-1,1,53,101,30346,34784
CGCAGGCGATCCAAAC-1,1,52,102,29841,35076
CCATATGGAAACTATA-1,1,53,103,30347,35365
CACCGTATCCCATCCG-1,1,52,104,29842,35657
GGTCAAGACTACTTCG-1,1,53,105,30348,35946
CCCGTTTCGCAGATGT-1,1,52,106,29844,36238
GTTATAATACGGTGAA-1,1,53,107,30350,36527
ACTTGTGGATGGAACG-1,1,52,108,29845,36818
GTTCGCTGAGACGTCT-1,1,53,109,30351,37108
GACACTGGAACCCGAT-1,1,52,110,29846,37399
CCCAGGTCTGAAGGCT-1,1,53,111,30353,37689
TCTCGAGGAGGTTCGC-1,1,52,112,29848,37980
ACTATCTGCCCGCGTA-1,1,53,113,30354,38270
CCTAAATTGTATCCTA-1,1,52,114,29849,38561
AGAAATTATGACTCGC-1,1,53,115,30355,38850
TCCAGCGCTATAAGCG-1,1,52,116,29851,39142
TCGTGTATTGGTCACG-1,1,53,117,30357,39431
CCACATACTGCACCCA-1,1,52,118,29852,39723
GTTGCGGACGGTCAGG-1,1,53,119,30358,40012
GTATTTAATGGCATAA-1,1,52,120,29853,40304
GTCGATAGGTGACTTT-1,1,53,121,30360,40593
AATAATCTTCGTATCG-1,1,52,122,29855,40885
ATTGTTCAACGATCCG-1,1,53,123,30361,41174
GTGCAGCGTAGAGTAG-1,1,52,124,29856,41466
TGTGGTAGGGTGCCTT-1,1,53,125,30362,41755
TGTGGACTATCTACGT-1,1,52,126,29858,42047
GGCGGGCTCTAAGAGT-1,1,53,127,30364,42336
TGTGCCAGAGGCAAAG-1,1,54,0,30781,5446
TGGCTTATGTATAATG-1,1,55,1,31287,5736
GCAAGCTGGAAACCGC-1,1,54,2,30782,6027
GATATCAAGCAGGAGC-1,1,55,3,31288,6317
CACCAATCATCCGTCT-1,1,54,4,30783,6608
CCACATGGCTCTTTAT-1,1,55,5,31290,6897
GTCCTACTCTACGGGC-1,1,54,6,30785,7189
CTCGAGACATACGATA-1,1,55,7,31291,7478
TATCAGTGGCGTAGTC-1,1,54,8,30786,7770
TGACAGGACAAGTCCA-1,1,55,9,31292,8059
TATTAACACCAAAGCA-1,1,54,10,30788,8351
TAGGCGATGAGGTCTC-1,1,55,11,31294,8640
CCGCCGGAACTTCTCG-1,1,54,12,30789,8932
GCCATTAGCCTCAAAC-1,1,55,13,31295,9221
GTTAGGCTACCCGTTT-1,1,54,14,30790,9513
GGGTATTCTAGCAAAC-1,1,55,15,31297,9802
GCCCTAGCCGTCGCGA-1,1,54,16,30792,10094
CAGATCCTGGTTTGAA-1,1,55,17,31298,10383
CTTCAGTGGTCGCCTA-1,1,54,18,30793,10675
GGGCAACCGCACGTGC-1,1,55,19,31299,10964
GACCCAATTATGATAC-1,1,54,20,30795,11256
GAAGCTCGGACCCGTC-1,1,55,21,31301,11545
CGTCGGGTCTAAGCGC-1,1,54,22,30796,11836
GAGGCCCGACTCCGCA-1,1,55,23,31302,12126
TTGCCATAGCCCGCTC-1,1,54,24,30797,12417
TAACATACACGCGATC-1,1,55,25,31304,12707
CCGACGGGCATGAGGT-1,1,54,26,30799,12998
AATGTGCCCGAGGTGT-1,1,55,27,31305,13288
AGCTGTAACCTCAATC-1,1,54,28,30800,13579
CGAGTGAAGGTACCAG-1,1,55,29,31306,13868
AGTCTCACAAGACTAC-1,1,54,30,30802,14160
AAATTGATAGTCCTTT-1,1,55,31,31308,14449
TAAGTCGCCGAGTATC-1,1,54,32,30803,14741
GCGGAGAAACTTCGCA-1,1,55,33,31309,15030
GGCAAAGGCGCCAATA-1,1,54,34,30804,15322
ATTTCCGGGTTCTGCG-1,1,55,35,31310,15611
TAAACCCAGGAGGGCA-1,1,54,36,30806,15903
TTCGGGCGCTAGTCTT-1,1,55,37,31312,16192
GTGGAGTCGGCGGTTG-1,1,54,38,30807,16484
GCACGCCTACTTAGAT-1,1,55,39,31313,16773
CAATATTCTTGACCTA-1,1,54,40,30809,17065
CGTTTGTGTAGAGGGT-1,1,55,41,31315,17354
CATAGCGTTGCCCACC-1,1,54,42,30810,17646
TGATACATTTAGCCGT-1,1,55,43,31316,17935
TTCCGGCCTTGAGGCT-1,1,54,44,30811,18227
CCTATACCGTCCTGTC-1,1,55,45,31317,18516
TCGTTGCTATCCGGTC-1,1,54,46,30813,18808
TGGCGACTGCTCCAAA-1,1,55,47,31319,19097
CAGAGGCGATGCATGA-1,1,54,48,30814,19388
TCACAGGAGAATAAGA-1,1,55,49,31320,19678
GGGTTAACATTTGAGT-1,1,54,50,30816,19969
GCGGGCGAGCCTTACC-1,1,55,51,31322,20259
TGCCAATGGGTACTCT-1,1,54,52,30817,20550
AGGGACTCTACGCGAC-1,1,55,53,31323,20840
GACGCCGTAAAGGCTA-1,1,54,54,30818,21131
AAAGGCTCTCGCGCCG-1,1,55,55,31324,21420
CTGGCTGGTTGTCAGT-1,1,54,56,30820,21712
ACATCCCGGCCATACG-1,1,55,57,31326,22001
CTCTTGTCCCGCTTGG-1,1,54,58,30821,22293
TACGCCTCCATTCCGA-1,1,55,59,31327,22582
CGGAGCAATTTAATCG-1,1,54,60,30822,22874
AACTAGGCTTGGGTGT-1,1,55,61,31329,23163
GCGTCGCCAGGGTGAT-1,1,54,62,30824,23455
GTTGGTCATGCTATCC-1,1,55,63,31330,23744
GCTGGCGGCGCATGCT-1,1,54,64,30825,24036
TGAGCGGAAAGTGTTC-1,1,55,65,31331,24325
CTTTCTGTGCGGGCTT-1,1,54,66,30827,24617
ATCTAATATCCTACGG-1,1,55,67,31333,24906
AACCTTTAAATACGGT-1,1,54,68,30828,25198
TTCACTCGAGCACCTA-1,1,55,69,31334,25487
CTGCACTCCAGTACAG-1,1,54,70,30829,25779
CCATTTCTACCTATTA-1,1,55,71,31336,26068
CAAGCGGCACATAATT-1,1,54,72,30831,26359
GTTAACATCACTTAAA-1,1,55,73,31337,26649
ATATAAATGTAGCTGC-1,1,54,74,30832,26940
GCCTCTATACATAGCA-1,1,55,75,31338,27230
GTGTCGTATAGCGTTC-1,1,54,76,30834,27521
ATACGTACTTAGCCAC-1,1,55,77,31340,27811
GCTATCATACTCATGG-1,1,54,78,30835,28102
TATCCAATTGGTTATC-1,1,55,79,31341,28391
TCTCCCTGGGCAGCGT-1,1,54,80,30836,28683
CCTATAATGAGTGCCC-1,1,55,81,31342,28972
CAATGCGAGAAGTATC-1,1,54,82,30838,29264
TACCAATAAAGTACCA-1,1,55,83,31344,29553
GCTAGGCACCACGGAG-1,1,54,84,30839,29845
GGTGGACTGCTCTGGC-1,1,55,85,31345,30134
TATTCCGAGCTGTTAT-1,1,54,86,30841,30426
TTGAGAAGTTTAGCAT-1,1,55,87,31347,30715
GTCCGGACCTGAAATT-1,1,54,88,30842,31007
CTGTGGTCGGGAGATA-1,1,55,89,31348,31296
CATGTAAGAGACATTT-1,1,54,90,30843,31588
CACGTTTCGTACACAC-1,1,55,91,31349,31877
CATCCTCTCAAAGATC-1,1,54,92,30845,32169
GATTAACCGAAAGCCC-1,1,55,93,31351,32458
AACGCTGTTGCTGAAA-1,1,54,94,30846,32750
TTCAGCTGGCGTGCCC-1,1,55,95,31352,33039
TAGAGGTTCTACTTGT-1,1,54,96,30848,33331
GTATCAAACGTTAGCT-1,1,55,97,31354,33620
AATCATGTAAAGACTC-1,1,54,98,30849,33911
AGTCACTAGCTCTCGA-1,1,55,99,31355,34201
GCGAAACGATCGGGAG-1,1,54,100,30850,34492
CATGGATTGTCTTCCG-1,1,55,101,31356,34782
ATTGGATTACAGCGTA-1,1,54,102,30852,35073
CACACACGCTAACGAG-1,1,55,103,31358,35363
CTATGGGAAGCGGAAT-1,1,54,104,30853,35654
TGCCTAATTGAAGATT-1,1,55,105,31359,35943
TGGCAATGGGACGGCG-1,1,54,106,30854,36235
ACCTCCGCCCTCGCTG-1,1,55,107,31361,36524
CGGCAATAAGATCGCC-1,1,54,108,30856,36816
CCTTGACCACTTTATT-1,1,55,109,31362,37105
TCATTTAGAAGTGTGA-1,1,54,110,30857,37397
CAGAATAACACACGGA-1,1,55,111,31363,37686
TCTGAGCAATTGACTG-1,1,54,112,30859,37978
CAACGTGGTGGAGTCT-1,1,55,113,31365,38267
CACAGTTCGCTTCCCA-1,1,54,114,30860,38559
TCTCTCGCCGCACATA-1,1,55,115,31366,38848
TGGGCAGGCCACCGCA-1,1,54,116,30861,39140
CTCCTGTTCAAGGCAG-1,1,55,117,31368,39429
TATTTGATTTGCACAG-1,1,54,118,30863,39721
GCCACTCCTTACGGTA-1,1,55,119,31369,40010
ACCGATATTTAATCAT-1,1,54,120,30864,40302
TTATTATCTGGAAGGC-1,1,55,121,31370,40591
TACATGCCGGAATTGT-1,1,54,122,30866,40883
GGCACTCAGCCGACCC-1,1,55,123,31372,41172
AAACCGGAAATGTTAA-1,1,54,124,30867,41463
AGACAGGCATCTCAGC-1,1,55,125,31373,41753
GTGGTGATGGTTTGTG-1,1,54,126,30868,42044
CCGATATGACGTAAGG-1,1,55,127,31375,42334
CATACACAAAGTCAGC-1,1,56,0,31792,5444
TGCCGTTCTTAATCGG-1,1,57,1,32298,5733
TCGAGTCTACGATTCG-1,1,56,2,31793,6025
ACTTCCAGTGGAAGCT-1,1,57,3,32299,6314
CAATTGGGCCGCACTC-1,1,56,4,31794,6606
AAATCGCGGAAGGAGT-1,1,57,5,32300,6895
ATATCAATTCCAGCCT-1,1,56,6,31796,7187
CTTTGTCGAATGCTCC-1,1,57,7,32302,7476
TGAGGCATGTACTGTG-1,1,56,8,31797,7768
TTCGCCGCTCGCGCTA-1,1,57,9,32303,8057
GACTCCTTCCAATTGA-1,1,56,10,31798,8349
ACCGAAGAGTCTGGTT-1,1,57,11,32305,8638
TGGCATGAAGTTTGGG-1,1,56,12,31800,8929
ACGAGGTTTACAACGT-1,1,57,13,32306,9219
AACCCATCCCATGATC-1,1,56,14,31801,9510
TCGACAACTGAACCCG-1,1,57,15,32307,9800
TATCTTGCAATACAAC-1,1,56,16,31803,10091
TATTATGTTTGCCTGC-1,1,57,17,32309,10381
GTCAAAGAAGTGGTGT-1,1,56,18,31804,10672
GGGACAGAGTTACTCC-1,1,57,19,32310,10961
AGCAACCGAAAGTAAT-1,1,56,20,31805,11253
CTCTCTAACTGCCTAG-1,1,57,21,32312,11542
ATACGGAACGTCGTTT-1,1,56,22,31807,11834
TCGGTCCCGACAATAG-1,1,57,23,32313,12123
CGCGCAAATGTCCAGA-1,1,56,24,31808,12415
TCTAATACTGCCTCAG-1,1,57,25,32314,12704
CTCGGTTGTCGGCCCT-1,1,56,26,31810,12996
GGTAACCGGGAGGATA-1,1,57,27,32316,13285
CAGGCGCACGGTGGTC-1,1,56,28,31811,13577
TCATCGATGGTCCCAA-1,1,57,29,32317,13866
CAAAGATTATTGGGCC-1,1,56,30,31812,14158
ACAATGAATACGGAGA-1,1,57,31,32318,14447
GCTCCTGACATACTGG-1,1,56,32,31814,14739
GATGACAAGTAGGGCA-1,1,57,33,32320,15028
TACGCCGAGGGTACCC-1,1,56,34,31815,15320
AAGCGTCCCTCATCGA-1,1,57,35,32321,15609
CACTCCTATGTAAGAT-1,1,56,36,31817,15900
TCGAGCCAGGCAGGCC-1,1,57,37,32323,16190
TCGTCAAGTACGCGCA-1,1,56,38,31818,16481
CCCGTAGCTGGGAAGA-1,1,57,39,32324,16771
ACCCTATGCCATATCG-1,1,56,40,31819,17062
GTGGTATAGTCTGCCG-1,1,57,41,32325,17352
CCGGTTTGTAATTGTG-1,1,56,42,31821,17643
GTCGCCGTTGTGTGTT-1,1,57,43,32327,17932
TACTGAACAGATTTAG-1,1,56,44,31822,18224
TATTAACCTGACCGCG-1,1,57,45,32328,18513
CTGTAGCCATCTCACT-1,1,56,46,31824,18805
TACTATGGTTCCTCAG-1,1,57,47,32330,19094
GAGTCAGACCAGAATC-1,1,56,48,31825,19386
TAAGGCATAACATCAA-1,1,57,49,32331,19675
CTTCCGCTCCGTGAAG-1,1,56,50,31826,19967
GGGCTATGATCGATGG-1,1,57,51,32332,20256
GGTCGGTCGTCCACAG-1,1,56,52,31828,20548
GGGACCCGTATATCTT-1,1,57,53,32334,20837
GAAAGCAGTGCACTTT-1,1,56,54,31829,21129
AGCGCATAATGAATCG-1,1,57,55,32335,21418
GCTGCTAAGTAGTCGA-1,1,56,56,31830,21710
AATAGTCCGTCCCGAC-1,1,57,57,32337,21999
AGCAGCCAGATGAATA-1,1,56,58,31832,22291
CCTCGCGCTGTGCGAT-1,1,57,59,32338,22580
TTGTGTATGCCACCAA-1,1,56,60,31833,22872
TGCTCGGCGAAACCCA-1,1,57,61,32339,23161
CGATTAAATATCTCCT-1,1,56,62,31835,23452
TGCCGTGGATCGTCCT-1,1,57,63,32341,23742
GTGGACGCATTTGTCC-1,1,56,64,31836,24033
ACCCGGAAACTCCCAG-1,1,57,65,32342,24323
CCGCATGTGGTACGAT-1,1,56,66,31837,24614
GCAAACCTTGGCCATA-1,1,57,67,32344,24904
ATTCACTGATGTTGGA-1,1,56,68,31839,25195
ACTCCCTAATGCTAAA-1,1,57,69,32345,25484
TCCTAAATTGGGAAGC-1,1,56,70,31840,25776
GAACAGATTACTAAAT-1,1,57,71,32346,26065
ATACAGGCCCTCCAAT-1,1,56,72,31842,26357
CGATTCGCCTGGCTGC-1,1,57,73,32348,26646
TCCGCCTGTCTACAAG-1,1,56,74,31843,26938
CACATCTCACCGACGA-1,1,57,75,32349,27227
CGTCGTCCTTCGCGAA-1,1,56,76,31844,27519
CGTTGAATACCGCGCT-1,1,57,77,32351,27808
ACCAATATGCAAGTTA-1,1,56,78,31846,28100
ACGGATGGTGCGGATA-1,1,57,79,32352,28389
CACCCTAACAAGATCT-1,1,56,80,31847,28681
AAGCTCTTTCATGGTG-1,1,57,81,32353,28970
CATGGGTATGCCTTAT-1,1,56,82,31849,29262
GCGCGTCATTGGTACA-1,1,57,83,32355,29551
TCTGAAGCACGTGGTC-1,1,56,84,31850,29843
AAGTTCACTCCAAGCT-1,1,57,85,32356,30132
TTGGACCTATAACAGT-1,1,56,86,31851,30424
ATCAGCCTCATGCTGC-1,1,57,87,32357,30713
AGTACTCTTATGCCCA-1,1,56,88,31853,31004
GCGCTTAAATAATTGG-1,1,57,89,32359,31294
TTGTGAACCTAATCCG-1,1,56,90,31854,31585
AGTCGTCGACCACCAA-1,1,57,91,32360,31875
TCCTTTAAATCCGCTT-1,1,56,92,31856,32166
ACTGAAACGCCGTTAG-1,1,57,93,32362,32456
GCACACACTGGTAGCC-1,1,56,94,31857,32747
TAAGGGCCTGTCCGAT-1,1,57,95,32363,33036
GCTAGAGTAGAGATGT-1,1,56,96,31858,33328
CACAGGGCCATATAGT-1,1,57,97,32364,33617
CCATGCCCTAGATTTC-1,1,56,98,31860,33909
TCGCGTAGCAGTGTCC-1,1,57,99,32366,34198
GACGAGGCTAATAAAC-1,1,56,100,31861,34490
CTACACTCGCAGATGG-1,1,57,101,32367,34779
ACGCATACGTTTACTA-1,1,56,102,31863,35071
GGAGCAACATTTCAAG-1,1,57,103,32369,35360
CGAGAGGGTAGCCGCG-1,1,56,104,31864,35652
TCGTGTTCGACCACAA-1,1,57,105,32370,35941
TCTACCCAATAGAGAG-1,1,56,106,31865,36233
ATAAACGTTGCACCAC-1,1,57,107,32371,36522
TCAACTGCAGAGTCAG-1,1,56,108,31867,36814
AGCTCCATATATGTTC-1,1,57,109,32373,37103
GTAACATCTAAGATAA-1,1,56,110,31868,37395
CCGACAATAGGCCGCC-1,1,57,111,32374,37684
ATGCTTAGGAGTTGAT-1,1,56,112,31869,37975
AACCCGAGCAGAATCG-1,1,57,113,32376,38265
CGGGTTTGTTAGGGCT-1,1,56,114,31871,38556
AGGCACGTGACTGTCC-1,1,57,115,32377,38846
GACAAGAGATGAGATT-1,1,56,116,31872,39137
AGCCCTTGGACATCCC-1,1,57,117,32378,39427
GCAGTTCGATCCGAGC-1,1,56,118,31874,39718
TCGAGGGCAACAGACG-1,1,57,119,32380,40007
ACTTTGTCGACGCACT-1,1,56,120,31875,40299
GAGTATCAAAGTTACA-1,1,57,121,32381,40588
CCAGGCTGGCGTCTGA-1,1,56,122,31876,40880
GGACTCTTCCGGTTGA-1,1,57,123,32383,41169
TCCCAGCACACGACAT-1,1,56,124,31878,41461
GCTCCATGAGTGCAGA-1,1,57,125,32384,41750
GCAGTGCGGGCGGATG-1,1,56,126,31879,42042
GCGTTCTGACTAAGCG-1,1,57,127,32385,42331
ATTTGGAGATTGCGGT-1,0,58,0,32802,5441
AAGGGTTTGATTTCAG-1,0,59,1,33308,5731
CCGGCCGCGAGCATAT-1,1,58,2,32804,6022
GAGTTCTGTGGGTGCT-1,0,59,3,33310,6312
AAACGAAGATGGAGTA-1,1,58,4,32805,6603
AATTACGAGACCCATC-1,1,59,5,33311,6893
CCTTTGAATTATGGCT-1,1,58,6,32806,7184
CATGGTATTAGTTTGT-1,1,59,7,33313,7474
AACGAAAGTCGTCCCA-1,1,58,8,32808,7765
ACATAAGTCGTGGTGA-1,0,59,9,33314,8054
GCACAACCTCGGGCGT-1,1,58,10,32809,8346
ATGCACGCGCTGTTCA-1,0,59,11,33315,8635
CGATGTTGTTATCTAC-1,1,58,12,32811,8927
GTCTCCTGCCAGTATG-1,0,59,13,33317,9216
GATGCCTTCTGCGGCA-1,1,58,14,32812,9508
ACCGGTCAGGTACACC-1,0,59,15,33318,9797
GTGGAGCGTTTACCGA-1,1,58,16,32813,10089
AGGCGGTTTGTCCCGC-1,0,59,17,33320,10378
TCCCTGGCGTATTAAC-1,1,58,18,32815,10670
AAACACCAATAACTGC-1,0,59,19,33321,10959
TGGACGCAATCCAGCC-1,1,58,20,32816,11251
GGAACCTTGACTCTGC-1,0,59,21,33322,11540
GTATCTCAGTCTTGAC-1,1,58,22,32818,11832
GCTGAATCTTCCAATC-1,1,59,23,33324,12121
AGATGCAAGACGTGCA-1,1,58,24,32819,12413
TTAAGGCCCGTACTTT-1,1,59,25,33325,12702
AGTATGCTGGAGACCA-1,1,58,26,32820,12993
GCGGCAAAGTATTGCC-1,1,59,27,33327,13283
GCGCAAATATATTCAA-1,1,58,28,32822,13574
GAAGAAACGATATTGT-1,1,59,29,33328,13864
GGACCTCTAGGCCGCC-1,1,58,30,32823,14155
AACAGCTGTGTGGCAA-1,1,59,31,33329,14445
TCGAATATCCCGCAGG-1,1,58,32,32825,14736
GCGACCCAACCATCTG-1,1,59,33,33331,15025
AGAGAAGGAGTACAAT-1,1,58,34,32826,15317
GGCTCCTCCACCTGTT-1,1,59,35,33332,15606
TCAGTGTATACGTCAT-1,1,58,36,32827,15898
ATTATTATGTCCGTCA-1,1,59,37,33333,16187
TTAGGTCATAACCGAC-1,1,58,38,32829,16479
AAGATGGCACCGGACC-1,1,59,39,33335,16768
CTACAAGAAATAACCC-1,1,58,40,32830,17060
ACTATTTCCGGGCCCA-1,1,59,41,33336,17349
TTGTTTCACATCCAGG-1,1,58,42,32832,17641
CGCTGTGTGGATGTTG-1,1,59,43,33338,17930
TCAACATAGCGCCCTA-1,1,58,44,32833,18222
GGCCGTTTGGGTTTCA-1,1,59,45,33339,18511
TACTCTTTCGTCTTCA-1,1,58,46,32834,18803
TTCGCGCGCCATACGA-1,1,59,47,33340,19092
CGGAAAGAATCAAACG-1,1,58,48,32836,19384
AGGCAGGGAGCGTACT-1,1,59,49,33342,19673
CCTTTAAGGGAGCACT-1,1,58,50,32837,19965
CGCCCAGCACGCCTAG-1,1,59,51,33343,20254
AGTATTTGGCACGACC-1,1,58,52,32839,20545
TATCCGCACCGTCGGG-1,1,59,53,33345,20835
ACCCGTGTCATCAGTA-1,1,58,54,32840,21126
CAACTGCTCATCCGAT-1,1,59,55,33346,21416
CCGGAGCGTACTTTCT-1,1,58,56,32841,21707
TACCGTAGGTTAACTA-1,1,59,57,33347,21997
TGAGGAGTGCCAGCTT-1,1,58,58,32843,22288
CCAGTCTTGTCATAGA-1,1,59,59,33349,22577
GGGCAGAGCAATCGTT-1,1,58,60,32844,22869
TACCAAATAGCCCAGA-1,1,59,61,33350,23158
TACCTACTCCCAGTAT-1,1,58,62,32845,23450
TGTGAGACTAGCCCAA-1,1,59,63,33352,23739
ATACCTAACCAAGAAA-1,1,58,64,32847,24031
GTCGGGAAGCAGAAAC-1,1,59,65,33353,24320
AATTAACGGATTTCCA-1,1,58,66,32848,24612
GAACCCTCTGTGTTCT-1,1,59,67,33354,24901
ATATAAAGCGCTCGTG-1,1,58,68,32850,25193
CCTGGTCGAATGTGGG-1,1,59,69,33356,25482
CTAGGTTCGGACGTGA-1,1,58,70,32851,25774
TCGGGAGACAGCGTAC-1,1,59,71,33357,26063
CATAAGAAGCTTGGCT-1,1,58,72,32852,26355
AAGCACCCTGCGTATC-1,1,59,73,33359,26644
AGTTTGCACCTGCCTC-1,1,58,74,32854,26936
GACTGCAAATCGAGCT-1,1,59,75,33360,27225
GTGTATATCAGCGGGC-1,1,58,76,32855,27516
CTTCAACTCCACTTGG-1,1,59,77,33361,27806
ACTTACGCATCCACGC-1,1,58,78,32857,28097
CATGAGATGCACTCTC-1,1,59,79,33363,28387
GAGCACCTGTGTCCAG-1,1,58,80,32858,28678
CGCGACCGCGACAGAT-1,1,59,81,33364,28968
GTCCCGCGACGTTATG-1,1,58,82,32859,29259
GCAGTGTGGCTATAGG-1,1,59,83,33365,29548
ATACTGCCTTACACCG-1,1,58,84,32861,29840
TACAGAAACGGTGGGC-1,1,59,85,33367,30129
GGCGCGGAGATCTTTC-1,1,58,86,32862,30421
CGTTAATGTCCCGACG-1,1,59,87,33368,30710
GCTAACTGAAGTCTGA-1,1,58,88,32864,31002
AGTGATAACCTGCGCG-1,1,59,89,33370,31291
TATGATCTTCTCTTTA-1,1,58,90,32865,31583
TGTACCTACACGAGGG-1,1,59,91,33371,31872
ATATCGTTCCTCGAAC-1,1,58,92,32866,32164
CGGCGCCATCAATCCC-1,1,59,93,33372,32453
CCTGTTTGAAGACACG-1,1,58,94,32868,32745
GCCACTCAGAGCGCGA-1,1,59,95,33374,33034
TCGGCTTGTATCGACG-1,1,58,96,32869,33326
TAGATGGTTCCTTACT-1,1,59,97,33375,33615
ATCGTTAGCTAGCGGA-1,1,58,98,32871,33907
ACAGCGACATTCTCAT-1,1,59,99,33377,34196
ATTCAACCATTTAAGG-1,1,58,100,32872,34488
CACTCTTCTGCTAGCC-1,1,59,101,33378,34777
CTAACTGATAATCGCC-1,1,58,102,32873,35068
TGATGTCAATTAAGTG-1,1,59,103,33379,35358
CGCCGTTCAGCATAGT-1,1,58,104,32875,35649
ATACTACCCGTACCAC-1,1,59,105,33381,35939
CCACTGTTTGGATTAA-1,1,58,106,32876,36230
CACTACGGGAGCTGCC-1,1,59,107,33382,36520
GACCAAACGTTGACTG-1,1,58,108,32877,36811
AAGAGGCCCTTTGGAA-1,1,59,109,33384,37100
ACACGTAGGCCACAAG-1,1,58,110,32879,37392
TACTCTTACTTTACTG-1,1,59,111,33385,37681
AGAGCCGCCGAGATTT-1,1,58,112,32880,37973
GGCCTGCTTCTCCCGA-1,1,59,113,33386,38262
TCAAGCGCGGACGGTA-1,1,58,114,32882,38554
ACACTGGGACAGTCGT-1,1,59,115,33388,38843
TGTGTAGTAGCACGTG-1,1,58,116,32883,39135
CTAGCCACAGGCGAGC-1,1,59,117,33389,39424
CTATCGCGTAGAGAAC-1,1,58,118,32884,39716
GTTCCCGTAAACATAT-1,1,59,119,33391,40005
TCTTTCCTTCGAGATA-1,1,58,120,32886,40297
ATATTGGAGAGGCCTT-1,1,59,121,33392,40586
AGGCGATAACTGGCGT-1,1,58,122,32887,40878
ACCCGGAGCACCACAA-1,1,59,123,33393,41167
TGAGCTCAACTGTATA-1,1,58,124,32889,41459
ACGACCCATGAGTTGC-1,1,59,125,33395,41748
CGGTCAGTCCATATTT-1,1,58,126,32890,42039
TCCGGCTGTCGGGTCG-1,1,59,127,33396,42329
ATTCCCGAAGGTACAG-1,0,60,0,33813,5439
CTAACAGCACAATAAC-1,0,61,1,34319,5728
TTGTGCGGAAGCGGAT-1,0,60,2,33815,6020
GGGCACTATTGACCAT-1,0,61,3,34321,6309
CCATAGAGGCTGCCAG-1,0,60,4,33816,6601
CCGAAGCATTGACCAA-1,0,61,5,34322,6890
TACTGAGGGAAGAAAG-1,0,60,6,33817,7182
TATGTAGAAACCCGGC-1,0,61,7,34323,7471
TGGTTAACTTACATTT-1,0,60,8,33819,7763
AGAACCCTCAATTGGG-1,0,61,9,34325,8052
CCTATATCGTGTCACG-1,0,60,10,33820,8344
ACGGCTGGATGTAGAA-1,0,61,11,34326,8633
CTCGCATTGCATAGCC-1,0,60,12,33821,8925
ACTTTGGTCGTGCTCC-1,0,61,13,34328,9214
GCTGGTTTAGGCCATA-1,0,60,14,33823,9506
TGTCGTTATCACATAT-1,0,61,15,34329,9795
ACACATGATCAAATCT-1,0,60,16,33824,10086
TATCCATCTCGGTTAG-1,0,61,17,34330,10376
CTCGTCGAGGGCTCAT-1,0,60,18,33826,10667
ATCAATGCCGTGGCTG-1,0,61,19,34332,10957
GAAACATAGGAAACAG-1,0,60,20,33827,11248
TAATAGGTCACCAGAA-1,0,61,21,34333,11538
CACCAGTCAGCATGCA-1,0,60,22,33828,11829
GAGCGCTGTTAGGTAA-1,0,61,23,34335,12118
CCCTATGTAGAGCAGA-1,0,60,24,33830,12410
GATCGCTATATCTCAG-1,0,61,25,34336,12699
AAGGGACTATGCATTC-1,0,60,26,33831,12991
CTCGGGTTCTCTGGCC-1,1,61,27,34337,13280
TATATATCGAGAAATG-1,1,60,28,33833,13572
ACCCGAGCGAAATTAC-1,1,61,29,34339,13861
TTGTTTCATTAGTCTA-1,1,60,30,33834,14153
ATGGGACCTGCTGAAC-1,1,61,31,34340,14442
TGCGACGGCCGAACGT-1,1,60,32,33835,14734
AGCTAACAAGCAATGT-1,1,61,33,34341,15023
CGTGTCTCGTTACGAC-1,1,60,34,33837,15315
CTAAATCCGGTGTACA-1,1,61,35,34343,15604
GAATAGTGCTCGATTA-1,1,60,36,33838,15896
AACAATACATTGTCGA-1,1,61,37,34344,16185
CACATCGTGCACGCGC-1,1,60,38,33840,16477
ACCGTGACCACGTGGG-1,1,61,39,34346,16766
CCCAATGAGATTTGCA-1,1,60,40,33841,17057
TCAGCAGTAGGCCCTG-1,1,61,41,34347,17347
CTACTCAAGGTATAGT-1,1,60,42,33842,17638
TAGTAGCTTATACCAG-1,1,61,43,34348,17928
ACGTTCGTTCAGGAAA-1,1,60,44,33844,18219
TTAGAATAAGGGTCGG-1,1,61,45,34350,18509
TTCTAGAAAGTCTTAT-1,1,60,46,33845,18800
CCTTCAGTTAAAGTGA-1,1,61,47,34351,19089
TAGCTAGTGATGATGG-1,1,60,48,33847,19381
AGCCCGGTAGCCTGTA-1,1,61,49,34353,19670
TACCTCAGTTGTCTGT-1,1,60,50,33848,19962
GACGGGTTGGCCCGTA-1,1,61,51,34354,20251
GAAACCTATACAAATG-1,1,60,52,33849,20543
TCCACCTCTAGCCTTT-1,1,61,53,34355,20832
AAGACCCAACTGAACA-1,1,60,54,33851,21124
CATACACGGTTCCCAC-1,1,61,55,34357,21413
ACTACGCGTTAGAATT-1,1,60,56,33852,21705
CTTGGCCAAGCTGGGA-1,1,61,57,34358,21994
TTACCCTAGGGATTGG-1,1,60,58,33853,22286
TTCGCACTGTACGACA-1,1,61,59,34360,22575
TAGGTGTTCCACAGAT-1,1,60,60,33855,22867
GAAGCCTGCACATTCC-1,1,61,61,34361,23156
GGCTTTCAATAAGGGT-1,1,60,62,33856,23448
TCCAGGGTATATACGA-1,1,61,63,34362,23737
CTCGCCGAATGTAGGG-1,1,60,64,33858,24029
AGGAAGCTGTCCGCCG-1,1,61,65,34364,24318
GTCTCAAGGCCCGGCT-1,1,60,66,33859,24609
ACCGACACATCTCCCA-1,1,61,67,34365,24899
TATACGCGTCATCACT-1,1,60,68,33860,25190
ATCTGGGCTGTTCTTG-1,1,61,69,34367,25480
TCAAATTTGAGACTCA-1,1,60,70,33862,25771
GTTAAGGGTGCGATGT-1,1,61,71,34368,26061
AGCAAAGGCCGCTAGT-1,1,60,72,33863,26352
TTATAGGTAATTGTCT-1,1,61,73,34369,26641
TTGTGCAGCCACGTCA-1,1,60,74,33865,26933
ACGGACTCTCAAAGCG-1,1,61,75,34371,27222
ATGCTCTGGCGCGGTA-1,1,60,76,33866,27514
ATAATCTTGGAGAACC-1,1,61,77,34372,27803
CTCATTGCTCTAACAA-1,1,60,78,33867,28095
TAGGTGACGATAACCT-1,1,61,79,34374,28384
CGGATCCTCAAGGACT-1,1,60,80,33869,28676
GGGCGTGGTTTCCCAG-1,1,61,81,34375,28965
TGGCTATGTGACATAC-1,1,60,82,33870,29257
CTTAGTGTAGTAGCAT-1,1,61,83,34376,29546
GGATTGCTGTGACTCC-1,1,60,84,33872,29838
ACTTCCATGCGGGACA-1,1,61,85,34378,30127
ACTCAAGTGCAAGGCT-1,1,60,86,33873,30419
ACAAGGATGCTTTAGG-1,1,61,87,34379,30708
TTGAACGACGTGCTGA-1,1,60,88,33874,31000
ATTCATCGTTGAGGCA-1,1,61,89,34380,31289
TGCAACCCATCTGCGG-1,1,60,90,33876,31581
AGTGCTAAACACAGCA-1,1,61,91,34382,31870
AACTCCAGAGCGTGTT-1,1,60,92,33877,32161
TCTCCACAAGTTGAAT-1,1,61,93,34383,32451
CTTTGCATCGCTCTTG-1,1,60,94,33879,32742
TCACAAACCGAGGTAC-1,1,61,95,34385,33032
CCGTAGGAAATCCCTG-1,1,60,96,33880,33323
AAACATTTCCCGGATT-1,1,61,97,34386,33613
GCCTCCGACAATTCAC-1,1,60,98,33881,33904
TCTGCATACCTTGCTT-1,1,61,99,34387,34193
ACCCATTTGTCCCTCT-1,1,60,100,33883,34485
CTGCAGAGAATCAGAG-1,1,61,101,34389,34774
GGAAACTAAATGGGCC-1,1,60,102,33884,35066
CAACCTACCGAGCAGT-1,1,61,103,34390,35355
CCGTAGGGTTGTTTAC-1,1,60,104,33886,35647
GGTTTGTGACCTGAGG-1,1,61,105,34392,35936
TAACCTAGGGAGTCCA-1,1,60,106,33887,36228
TTCCATCGACAGCGTG-1,1,61,107,34393,36517
ATCTCCCACGGAATAT-1,1,60,108,33888,36809
GTTTCAAACGAGTTGT-1,1,61,109,34394,37098
GGAACTTTGGCGATTA-1,1,60,110,33890,37390
CTGCAAGCACGTTCCG-1,1,61,111,34396,37679
CACAGTCCCGCTTCGC-1,1,60,112,33891,37971
TACGCTCGGTATTGGA-1,1,61,113,34397,38260
CTGGTAAAGTGTGGGC-1,1,60,114,33892,38552
CAACCAGTGGCCTACC-1,1,61,115,34399,38841
TCTTCGCGGTGAGAGG-1,1,60,116,33894,39132
TTCGGGTTGCCACGGG-1,1,61,117,34400,39422
ACCGATAGGCATAACC-1,1,60,118,33895,39713
CTTATAGATGGCTGTT-1,1,61,119,34401,40003
AGACGCCCACTTCGCC-1,1,60,120,33897,40294
AGGTCGCCTCCCAACA-1,1,61,121,34403,40584
CCTCACGTCAGCTAAT-1,1,60,122,33898,40875
CCACCTGTATGGAATA-1,1,61,123,34404,41164
GGACTCGAAGCTTTCA-1,1,60,124,33899,41456
AAGCCGGAGAGCAGGA-1,1,61,125,34406,41745
GCCTATCAGGTAAGAT-1,1,60,126,33901,42037
TCAGAGTGTGAGCATG-1,1,61,127,34407,42326
AAACATGGTGAGAGGA-1,0,62,0,34824,5437
ATCATTGTACCGCATT-1,0,63,1,35330,5726
TCAGCTTGAGCTTTCG-1,0,62,2,34825,6018
CCGCGCAAGATACCCA-1,0,63,3,35331,6307
CTATACTTAAAGCGAG-1,0,62,4,34827,6598
ACCGTCCACTGGGCCC-1,0,63,5,35333,6888
AAGACCAAATAACTCA-1,0,62,6,34828,7179
TGTTTCTGAAGCGTGC-1,0,63,7,35334,7469
TTCTCTTACAGGTGAT-1,0,62,8,34829,7760
AATTCATTGTCATGCA-1,0,63,9,35336,8050
GCCCGAGAGTCTAAAT-1,0,62,10,34831,8341
ATATAGAGTATTGGTC-1,0,63,11,35337,8631
TTGAAGGATGGGCGCC-1,0,62,12,34832,8922
TAGTACCACAACTTTC-1,0,63,13,35338,9211
ATCCCATCCACAGCGC-1,0,62,14,34834,9503
CTTAGGTATAGACCAG-1,0,63,15,35340,9792
TGACTCCGAATCATAC-1,0,62,16,34835,10084
ACTACATCCCGACAAG-1,0,63,17,35341,10373
TTGCCGCAGACCTACA-1,0,62,18,34836,10665
TAAGAGGGACAGGGAC-1,0,63,19,35343,10954
CGAATGAAGTCATTGC-1,0,62,20,34838,11246
AAGGGAACGACTGGCT-1,0,63,21,35344,11535
CGAATCTGCTCGACGC-1,0,62,22,34839,11827
ATCGTGGAAAGTCTGG-1,0,63,23,35345,12116
CCTATGGCTCCTAGTG-1,0,62,24,34841,12408
CGTCGCTTGGTTATAC-1,0,63,25,35347,12697
TGCTTAGAGAGAATGC-1,0,62,26,34842,12989
GATTGCTCCAGTTGCA-1,0,63,27,35348,13278
CGTGCTTCTACCTAAA-1,0,62,28,34843,13570
ACTCCAATATCATCAT-1,0,63,29,35350,13859
GCCGACCCACGACTGC-1,1,62,30,34845,14150
GAGGGTAGTAACAAAG-1,1,63,31,35351,14440
GGCCGAGACTCTGGTG-1,1,62,32,34846,14731
TATATAGGGCTTTACG-1,1,63,33,35352,15021
TGCCGGATGTACGAGC-1,1,62,34,34848,15312
AGGTAGATCGAGATAT-1,1,63,35,35354,15602
GATCAACATAAAGGGA-1,1,62,36,34849,15893
TAACAGCGTTTGTGCT-1,1,63,37,35355,16182
CTATAGGCGTTGATGT-1,1,62,38,34850,16474
GGTTTAATTACCATCG-1,1,63,39,35356,16763
CTCTTCTGGAAGTTAG-1,1,62,40,34852,17055
ATCTGACATGGAAGGA-1,1,63,41,35358,17344
TACGTACTAGTGCTGA-1,1,62,42,34853,17636
ATGACTATCAGCTGTG-1,1,63,43,35359,17925
CTTTGGGATTGTTGCA-1,1,62,44,34855,18217
AGACTGTTACCGGGTC-1,1,63,45,35361,18506
TCCTAACCGTCGGGCA-1,1,62,46,34856,18798
ACGCAAACTAATAGAT-1,1,63,47,35362,19087
AAGTGAGTCGGGTTTA-1,1,62,48,34857,19379
TAAAGCGGTATTTCCA-1,1,63,49,35363,19668
CTCCTCCAGCTCACAC-1,1,62,50,34859,19960
CGGTCCGTCGCAAGCC-1,1,63,51,35365,20249
CCTATATTTGTCCTGG-1,1,62,52,34860,20541
TCCAATAAAGGCTACC-1,1,63,53,35366,20830
AAAGGCTACGGACCAT-1,1,62,54,34862,21122
CGTGACCAGTCCTCTG-1,1,63,55,35368,21411
GATCTGCTATCTAAGG-1,1,62,56,34863,21702
CGAATGACGCATAATG-1,1,63,57,35369,21992
GCTCAATGTAATACCG-1,1,62,58,34864,22283
CTATGCCCGAATGCAA-1,1,63,59,35370,22573
CACAGGGCCGTTGTCA-1,1,62,60,34866,22864
TCAATACGCCGTCATG-1,1,63,61,35372,23154
AGCGGACACTTCGTAG-1,1,62,62,34867,23445
ATACGTTATGCACGGA-1,1,63,63,35373,23734
GAGTAGATACTAGTTG-1,1,62,64,34868,24026
CCAGCTCGAACGCATT-1,1,63,65,35375,24315
TGCTTCCCAAGCAGTA-1,1,62,66,34870,24607
GTAGACACGCCTGACT-1,1,63,67,35376,24896
CTCACATTTACTAAAT-1,1,62,68,34871,25188
GAATGCGAATCGGTTC-1,1,63,69,35377,25477
TAAGGCCCGTCACCCT-1,1,62,70,34873,25769
GAGTATGCGCGTGCAT-1,1,63,71,35379,26058
ATCCACATCGACAGAA-1,1,62,72,34874,26350
TAGACGAAACGCCAAT-1,1,63,73,35380,26639
CAGCAGTCTGTGCTGC-1,1,62,74,34875,26931
CTCACTGTGATACTTA-1,1,63,75,35382,27220
TTAATTGCTTTGGGTG-1,1,62,76,34877,27512
GTAGTCTACGATATTG-1,1,63,77,35383,27801
TTGCCGCTTTCTAGTA-1,1,62,78,34878,28093
GAACCTTTAACGATCC-1,1,63,79,35384,28382
TGGACCAATCTAAGAT-1,1,62,80,34880,28673
CTAGTAGAAAGGGATT-1,1,63,81,35386,28963
AACCTCGCTTTAGCCC-1,1,62,82,34881,29254
GAGTGTCAACCAGAAA-1,1,63,83,35387,29544
GTGATCCTTGTCATGA-1,1,62,84,34882,29835
CTCAACTAACCCGGAT-1,1,63,85,35388,30125
AGTGGCGTCTGAAGGT-1,1,62,86,34884,30416
GGGAAGGGCTTTCTCA-1,1,63,87,35390,30705
AGGCCTGAGAATCTCG-1,1,62,88,34885,30997
AGCCACAGGTTACCCG-1,1,63,89,35391,31286
TGCAATCTAACACGGT-1,1,62,90,34887,31578
GTTTGGGTTTCGCCCG-1,1,63,91,35393,31867
CCTATGTCCACTCCAC-1,1,62,92,34888,32159
CTGCCTTTCTAGTAAA-1,1,63,93,35394,32448
TTAGTAAACCTGCTCT-1,1,62,94,34889,32740
TTGTGGTGGTACTAAG-1,1,63,95,35395,33029
CCTCCTGTTGTGTCGT-1,1,62,96,34891,33321
ACAAAGCATGACCTAG-1,1,63,97,35397,33610
ATAGCAACTAGGGAAG-1,1,62,98,34892,33902
CCGCTCTTCCGAACTA-1,1,63,99,35398,34191
TAGAATAGCCGATGAA-1,1,62,100,34894,34483
GGTCTCCGTCCAGGTT-1,1,63,101,35400,34772
TAATTACGTCAGTAGA-1,1,62,102,34895,35064
TACGTAAAGCGGAGTG-1,1,63,103,35401,35353
GCTACAATCGAGGATA-1,1,62,104,34896,35645
TCAGCCAATCCGTAAA-1,1,63,105,35402,35934
ATCATAGCCCTATGTA-1,1,62,106,34898,36225
GAGGCCTGTTGATACA-1,1,63,107,35404,36515
ATATACGCTCGTGACG-1,1,62,108,34899,36806
CCCTTTAATGGAGTTC-1,1,63,109,35405,37096
TTACACGATCTGCGAC-1,1,62,110,34900,37387
TCGCATAAAGGGCGCA-1,1,63,111,35407,37677
TGTAGCCATCCCATTC-1,1,62,112,34902,37968
GGGTCTATCGCTTTCC-1,1,63,113,35408,38257
GGAGGGTCAAGTAAGA-1,1,62,114,34903,38549
TACGGCATGGACGCTA-1,1,63,115,35409,38838
CACGTCAATCAATGGA-1,1,62,116,34905,39130
CGCTTGGACGGATAGA-1,1,63,117,35411,39419
CGCGGTACGGTATACA-1,1,62,118,34906,39711
CCTACTCAACACGATT-1,1,63,119,35412,40000
CGTTTGGTGTTGTGGG-1,1,62,120,34907,40292
GTTGTTGCAAGATGGC-1,1,63,121,35414,40581
CATTCGTCGTAGCGGT-1,1,62,122,34909,40873
CAGCCTCGATAGCGGT-1,1,63,123,35415,41162
TCATAAGTCCAAGAAG-1,1,62,124,34910,41454
AAAGTGCCATCAATTA-1,1,63,125,35416,41743
GTTGCAGTCGACAACA-1,1,62,126,34912,42035
TAAATGGGCTACTGAG-1,1,63,127,35418,42324
GGACAAGCCATGATCG-1,0,64,0,35835,5434
TCCAATGCGTCGCCGC-1,0,65,1,36341,5723
AAAGAATGACCTTAGA-1,0,64,2,35836,6015
CCTATTATTCCGGCCG-1,0,65,3,36342,6304
CAGTAAGGGACGTCTC-1,0,64,4,35838,6596
GGGATGGACCCGCGTC-1,0,65,5,36344,6885
GACGCATACCCGTCGG-1,0,64,6,35839,7177
GGGCAGGATTTCTGTG-1,0,65,7,36345,7466
TATCTGAGCCGATATT-1,0,64,8,35840,7758
AATGTATGGCACTGTA-1,0,65,9,36346,8047
GCCTTTGTCAGTGGAC-1,0,64,10,35842,8339
AACCATAGGGTTGAAC-1,0,65,11,36348,8628
AAACTTAATTGCACGC-1,0,64,12,35843,8920
TAGGCGGCTGCAAAGA-1,0,65,13,36349,9209
TCCATCAATACTAATC-1,0,64,14,35844,9501
ACCTCGAACTTATGCT-1,0,65,15,36351,9790
ACAAACCATGCGTCCT-1,0,64,16,35846,10082
ACACCGGTCTGACCGC-1,0,65,17,36352,10371
ATGGCAGCATTACGAT-1,0,64,18,35847,10663
CTGGTGAATGGGCCTA-1,0,65,19,36353,10952
CACAGAGACGAGGACG-1,0,64,20,35849,11243
GCACAAACCCTAGATG-1,0,65,21,36355,11533
ACTATGTCCAGCTGCC-1,0,64,22,35850,11824
AAGCCGCCGTGAAATC-1,0,65,23,36356,12114
ATGGGTGTATACCTCC-1,0,64,24,35851,12405
TAAGCGCGAATCAAAT-1,0,65,25,36358,12695
AGCCCGGCATTAGAGG-1,0,64,26,35853,12986
GTGATCAAGCGTGCAC-1,0,65,27,36359,13275
CTGCCTTTAATACCTT-1,0,64,28,35854,13567
TACCTCCACACCAATG-1,0,65,29,36360,13856
GAGCATCAACAACTTG-1,0,64,30,35856,14148
CATACGAACTAGCTGG-1,0,65,31,36362,14437
GGGAACGGTTTCAGAT-1,1,64,32,35857,14729
AGGGTGCCGTTCTTTA-1,1,65,33,36363,15018
ACGACTGGTCATACTC-1,1,64,34,35858,15310
GGATCTTACTGCCCTT-1,1,65,35,36364,15599
TACTCCTCTAGTTGAC-1,1,64,36,35860,15891
GTAGCTCCGGGAGGCT-1,1,65,37,36366,16180
GGACTCGTGAGTGGTC-1,1,64,38,35861,16472
GTAGTTCGAAGGCGAA-1,1,65,39,36367,16761
CTCAAACCACTGCCCG-1,1,64,40,35863,17053
GAGGGAGTCAGATCGC-1,1,65,41,36369,17342
GCGTCCCTAAGACATA-1,1,64,42,35864,17634
TCTCTTACCGCGAACC-1,1,65,43,36370,17923
GGCTACTATACACTCC-1,1,64,44,35865,18214
CGTTGCCCGCGTGGGA-1,1,65,45,36371,18504
TATAGAGTCGCTTGAA-1,1,64,46,35867,18795
ATGTTGTAGTCTGTTT-1,1,65,47,36373,19085
AGTATACACAGCGACA-1,1,64,48,35868,19376
TGTGGTTGCTAAAGCT-1,1,65,49,36374,19666
TGATTCCCGGTTACCT-1,1,64,50,35870,19957
CACTGACGATTGTGGA-1,1,65,51,36376,20246
AACATTGTGACTCGAG-1,1,64,52,35871,20538
GTCCAATATTTAGCCT-1,1,65,53,36377,20827
GCTCTTTCCGCTAGTG-1,1,64,54,35872,21119
GGGTCAGGAGCTAGAT-1,1,65,55,36378,21408
AGGTGGTGACCTTCGC-1,1,64,56,35874,21700
CCCGGGTCGTTCAGGG-1,1,65,57,36380,21989
AGCCAAGCTTTGTGTC-1,1,64,58,35875,22281
TGTGGCGGGCTTCTGG-1,1,65,59,36381,22570
CGAGGGTATCCAGGTG-1,1,64,60,35876,22862
CGTTCAGACCCGCGAA-1,1,65,61,36383,23151
TCATATGAGCTTTGTT-1,1,64,62,35878,23443
AGTTGACGGTCCTTGC-1,1,65,63,36384,23732
ATAATTAGCTAAGTAG-1,1,64,64,35879,24024
GGTCTTGAGCGCTCTT-1,1,65,65,36385,24313
CGTTGTCGGCAATTGA-1,1,64,66,35881,24605
TCTTGCTCCCGATACT-1,1,65,67,36387,24894
AGCAGAAGGAGAAAGA-1,1,64,68,35882,25186
GAAGCCACTGATTATG-1,1,65,69,36388,25475
TGCTCTTGAGAGTTTG-1,1,64,70,35883,25766
GACATCCGTCGAACTG-1,1,65,71,36390,26056
AGATATAATACGACTA-1,1,64,72,35885,26347
TCGCTACTGGCTTTGA-1,1,65,73,36391,26637
GTGACAGCTTCCCACT-1,1,64,74,35886,26928
GTGACGCAGGTTTCAT-1,1,65,75,36392,27218
GGGAAGACGGTCTGTC-1,1,64,76,35888,27509
CGTCGCATGTGAGCCA-1,1,65,77,36394,27798
AGAAGGTTGTAGGTCG-1,1,64,78,35889,28090
GGCCGGCGTCTGCTAT-1,1,65,79,36395,28379
TTGACCAGGAACAACT-1,1,64,80,35890,28671
AGTCGTATAAAGCAGA-1,1,65,81,36396,28960
GGCGTAGGGAAAGCTG-1,1,64,82,35892,29252
AAACCTAAGCAGCCGG-1,1,65,83,36398,29541
ATTGCCTTTATGTTTG-1,1,64,84,35893,29833
CAGGCAGTCTTACCAG-1,1,65,85,36399,30122
AGCTAAGTACGCAGGC-1,1,64,86,35895,30414
AAATCCGATACACGCC-1,1,65,87,36401,30703
CGAGAGCTTTCACTAC-1,1,64,88,35896,30995
CGCCCAGCGTTTCACG-1,1,65,89,36402,31284
TTAAGTATTGTTATCC-1,1,64,90,35897,31576
AAACGGGCGTACGGGT-1,1,65,91,36403,31865
GTATCCTTTGGTAACC-1,1,64,92,35899,32157
CATAGTCAAATACATA-1,1,65,93,36405,32446
TCTATGCTATAACGAC-1,1,64,94,35900,32737
ACGTTCTGTACAAGTC-1,1,65,95,36406,33027
CGCGAAGTGGCATACT-1,1,64,96,35902,33318
ACCAACCGCACTCCAC-1,1,65,97,36408,33608
GTCATGCGCGAGGGCT-1,1,64,98,35903,33899
TAGGCTAAAGTGGCAC-1,1,65,99,36409,34189
TGGCTACACTCTACCT-1,1,64,100,35904,34480
TGTCCACGGCTCAACT-1,1,65,101,36410,34770
AATTGCAGCAATCGAC-1,1,64,102,35906,35061
GTCAACCAGGCCTATA-1,1,65,103,36412,35350
ATCTTATCGCACACCC-1,1,64,104,35907,35642
GTCTATTGCATGCTCG-1,1,65,105,36413,35931
GCACGTGGTTTACTTA-1,1,64,106,35908,36223
ATTCGCGCCTTGAGAG-1,1,65,107,36415,36512
AGCGATGCGCCTAATA-1,1,64,108,35910,36804
TCTATAGGTGGGTAAT-1,1,65,109,36416,37093
AGATACCAATAGAACC-1,1,64,110,35911,37385
CGTGTATGGGAGCTGA-1,1,65,111,36417,37674
ATGTACATGCGGTGAG-1,1,64,112,35913,37966
TTGGCTCAATATGTGT-1,1,65,113,36419,38255
GTTCGGAGCACTCAAC-1,1,64,114,35914,38547
TCCCTCTTCTCAAGGG-1,1,65,115,36420,38836
TTACGTATCTATGACA-1,1,64,116,35915,39128
CCCATATAGGTCGATT-1,1,65,117,36422,39417
GTCCACGTCGCATTCG-1,1,64,118,35917,39709
AATTGTGGTTGCCAAA-1,1,65,119,36423,39998
AGGAACGAACGACTTC-1,1,64,120,35918,40289
TAATTCCAATGCTTCA-1,1,65,121,36424,40579
AGGGCCCTAATGTTCT-1,1,64,122,35920,40870
AGGTGTTGCCGACCAC-1,1,65,123,36426,41160
CTGAGAGTAGAAATAC-1,1,64,124,35921,41451
TAGAAGAAGGGTTACA-1,1,65,125,36427,41741
GGTGACTGATAGAGAG-1,1,64,126,35922,42032
TACCCTCGGTAACCCT-1,1,65,127,36429,42321
TGTAAGACTGATAAGA-1,0,66,0,36846,5432
GTCACTCATGAGCGAT-1,0,67,1,37352,5721
CGGTTTACTGAACATT-1,0,66,2,36847,6013
GAGATCGATCTTACTC-1,0,67,3,37353,6302
TCTTTCATCCGTCCTT-1,0,66,4,36848,6594
TCGGATCTGGATGACC-1,0,67,5,37354,6883
GTCCTAGGATACCTTA-1,0,66,6,36850,7175
TGTACCCGACCCTAAT-1,0,67,7,37356,7464
AGGTTCTCCTTTCCGG-1,0,66,8,36851,7755
AATTGCGTGGATTACA-1,0,67,9,37357,8045
CGATAGCGATACAGTG-1,0,66,10,36852,8336
CGCCCTAATTGTTCAA-1,0,67,11,37359,8626
ATTATGAGACCCAATT-1,0,66,12,36854,8917
CCTCCTAGCTAGAGTC-1,0,67,13,37360,9207
CGAAGGGTTTCAGATT-1,0,66,14,36855,9498
CACAAGCTAAGAAAGG-1,0,67,15,37361,9787
CACCGGTAGAGACATT-1,0,66,16,36857,10079
ACTCATGGCAGCCTTC-1,0,67,17,37363,10368
CATCCAATATAGTTTG-1,0,66,18,36858,10660
CAGATATGAAGATGAC-1,0,67,19,37364,10949
GCAAAGGGCGTTAGCC-1,0,66,20,36859,11241
CTGTTGTTCAGTCGTA-1,0,67,21,37366,11530
AAAGGCCCTATAATAC-1,0,66,22,36861,11822
AACATTGAAGTTGATC-1,0,67,23,37367,12111
GCTAGCGATAGGTCTT-1,0,66,24,36862,12403
ATTGCCTATTAGACCG-1,0,67,25,37368,12692
GGGCGTTTACATTCAT-1,0,66,26,36864,12984
CCTCTACAAGGATTGG-1,0,67,27,37370,13273
AGTGACTGTGACACAA-1,0,66,28,36865,13565
AGCCCTCCCTGGTGGC-1,0,67,29,37371,13854
CGGTTGAGTATCCTTC-1,0,66,30,36866,14146
CATTATCCCATTAACG-1,0,67,31,37372,14435
AATGTGCTAATCTGAG-1,0,66,32,36868,14727
CTTAGTTGAGGAATCG-1,0,67,33,37374,15016
CTTCTGGGCGTACCTA-1,0,66,34,36869,15307
AGTCAAATGATGTGAT-1,1,67,35,37375,15597
TGAACAAGCAGGGACT-1,1,66,36,36871,15888
AATACCGGAGGGCTGT-1,1,67,37,37377,16178
GTTTGGTGATCGGTGC-1,1,66,38,36872,16469
GACTGCTGGTGAGAAA-1,1,67,39,37378,16759
CGATCCTCGCAACATA-1,1,66,40,36873,17050
CCAACCTTATGTAACT-1,1,67,41,37379,17339
CGTGGTACCCAAAGGC-1,1,66,42,36875,17631
AACCCGACAACCCGTG-1,1,67,43,37381,17920
TATGTAAAGTGCTTAA-1,1,66,44,36876,18212
GCAAGTGTAAAGCATG-1,1,67,45,37382,18501
GTAACTGCCCAAGGAG-1,1,66,46,36878,18793
GGTGCATAAATGATTA-1,1,67,47,37384,19082
TAGTCCCGGAGACCAC-1,1,66,48,36879,19374
CGGCCAGAGCGACCAT-1,1,67,49,37385,19663
TGAATGAGTGTTTCCC-1,1,66,50,36880,19955
TTCACTTCCTAGAACG-1,1,67,51,37386,20244
CGCTTAGTATTGATAC-1,1,66,52,36882,20536
AACGCGACCTTGGGCG-1,1,67,53,37388,20825
GTGCACCAGCTTCAAC-1,1,66,54,36883,21117
TTCTATTAAACGCAGC-1,1,67,55,37389,21406
TGGCAAGCACAAGTCG-1,1,66,56,36884,21698
ATCTGCTGTTATCGCC-1,1,67,57,37391,21987
AATTCCAAGCATGTAC-1,1,66,58,36886,22279
AAACGGTTGCGAACTG-1,1,67,59,37392,22568
GAAGGAGTCGAGTGCG-1,1,66,60,36887,22859
GGCAAGCCCATAGTGG-1,1,67,61,37393,23149
TGACCAAATCTTAAAC-1,1,66,62,36889,23440
TTCGGTACTGTAGAGG-1,1,67,63,37395,23730
ATGTACGATGACGTCG-1,1,66,64,36890,24021
ATCTAGCTTGTGAGGG-1,1,67,65,37396,24311
AGCGGGTCTGACACTC-1,1,66,66,36891,24602
GAGGTACGCGTGTCCC-1,1,67,67,37398,24891
GCACTGCCTACCTTTA-1,1,66,68,36893,25183
GGAGCGAGGCCTACTT-1,1,67,69,37399,25472
AAACTCGGTTCGCAAT-1,1,66,70,36894,25764
GGCGCTTCATTCCCTG-1,1,67,71,37400,26053
TGCTCGGTGGGTCACC-1,1,66,72,36896,26345
AAGCGCAGGGCTTTGA-1,1,67,73,37402,26634
GACCTTCCACGTCTAC-1,1,66,74,36897,26926
GTTAGCCCATGACATC-1,1,67,75,37403,27215
AATTCGATTCGAGGAT-1,1,66,76,36898,27507
AGTCTTTAAAGTGTCC-1,1,67,77,37405,27796
GACTAGGCCGTTAGGT-1,1,66,78,36900,28088
TCCAAGCCTAGACACA-1,1,67,79,37406,28377
GATTGGGAAAGGTTGT-1,1,66,80,36901,28669
GATGAGGAACCTTCGG-1,1,67,81,37407,28958
TGAATACCGACGCGTA-1,1,66,82,36903,29250
AATCGTGAGCCGAGCA-1,1,67,83,37409,29539
GCGAAGAATCTGACGG-1,1,66,84,36904,29830
GAACAACTGGGATGAA-1,1,67,85,37410,30120
TCGCCGACATATTCGC-1,1,66,86,36905,30411
CGTAGAGAGTAATTAT-1,1,67,87,37411,30701
CGATAGTCGTACTGCA-1,1,66,88,36907,30992
CGCATGCCGAATGCGT-1,1,67,89,37413,31282
CTCTAGCCCTCGGAAA-1,1,66,90,36908,31573
TCCAACTCAGCTATCT-1,1,67,91,37414,31862
GTCTAGTGAGCCGCTT-1,1,66,92,36910,32154
TACCGAATAATTGTAA-1,1,67,93,37416,32443
ATATAACACGGGCGCA-1,1,66,94,36911,32735
GCATGCTAATAACGAT-1,1,67,95,37417,33024
TCCGGGCTTGACGGGA-1,1,66,96,36912,33316
ATTATTCAGAGTCACT-1,1,67,97,37418,33605
TAGCAGTATGACTAAA-1,1,66,98,36914,33897
TATGAAGAATTAAGGT-1,1,67,99,37420,34186
CAAGGCCAGTGGTGCA-1,1,66,100,36915,34478
TGCGTACGGCTAATTG-1,1,67,101,37421,34767
CAGATAATGGGCGGGT-1,1,66,102,36917,35059
GAGAACGGTTCTGACT-1,1,67,103,37423,35348
CGCTTCGGTCTAAGAC-1,1,66,104,36918,35640
AGCATTACGAGGCAAG-1,1,67,105,37424,35929
AAGTTGTGATGTTATA-1,1,66,106,36919,36221
TTGCTCATAGTACGTG-1,1,67,107,37425,36510
TACTTAAACATGTACA-1,1,66,108,36921,36802
AGTGAGTCGAATTAAC-1,1,67,109,37427,37091
TAGGCCTATATAGTCT-1,1,66,110,36922,37382
ACTCGCCGTTCGATAA-1,1,67,111,37428,37672
GGTACGTTGCGGCCGG-1,1,66,112,36923,37963
TATTGCCGGGCTTGTA-1,1,67,113,37430,38253
GGTAAACTCTGCGCTG-1,1,66,114,36925,38544
TCCCTTGTCTGAAACT-1,1,67,115,37431,38834
CATGATCGCTTTGAGA-1,1,66,116,36926,39125
GGACGGGCGACCAACC-1,1,67,117,37432,39414
GAGAGGCCTATGTGTA-1,1,66,118,36928,39706
TCGTAACTCCCAAGAC-1,1,67,119,37434,39995
CGTATCTAGAACTAAG-1,1,66,120,36929,40287
GCACCTTCCCGAAGGT-1,1,67,121,37435,40576
TACCTCTTTACCATCC-1,1,66,122,36930,40868
TGACTCTAACTGGTAA-1,1,67,123,37437,41157
GAGAAACTGGATCCCA-1,1,66,124,36932,41449
ATCCGGACCAGCCTGA-1,1,67,125,37438,41738
TTATTTAGGTTCCTTA-1,1,66,126,36933,42030
CGAATTCCCGGTTCAA-1,1,67,127,37439,42319
TAGTTTGATCGGTCGC-1,0,68,0,37856,5429
AGTCGAAACGATTCAG-1,0,69,1,38362,5719
ACGTCGGGCAACTCGG-1,0,68,2,37858,6010
ACTTGCTCTATCTACC-1,0,69,3,38364,6300
ATTACGGGCTACGGTT-1,0,68,4,37859,6591
GCAAACGTAAGCGACC-1,0,69,5,38365,6880
TTCGGACTGGGCATGG-1,0,68,6,37860,7172
GGGCCATTCGTGCTGG-1,0,69,7,38367,7461
GAGTTGTCACCAGTCT-1,0,68,8,37862,7753
AGTAATTTGCAAGCGT-1,0,69,9,38368,8042
GTGGCCGGTTTCTCGG-1,0,68,10,37863,8334
ATCTTAGGGCATTAAT-1,0,69,11,38369,8623
CTACATATCGCGGGAC-1,0,68,12,37865,8915
ATGGTATTTACTGATT-1,0,69,13,38371,9204
CCGTCAACCTCTGGCG-1,0,68,14,37866,9496
GCTTCGACGTTCAATC-1,0,69,15,38372,9785
GACCGATTAAATATGT-1,0,68,16,37867,10077
GTCGAATTTGGGCGCT-1,0,69,17,38374,10366
TCACGGCCCAAGAGAG-1,0,68,18,37869,10658
CTACGATCCTATCCTA-1,0,69,19,38375,10947
TGCAGTGGTAGGGAAC-1,0,68,20,37870,11239
TTGCCTAATCCAAAGT-1,0,69,21,38376,11528
AGCGAGACGTGAAGGC-1,0,68,22,37872,11820
TTCTACCTCAATCGGT-1,0,69,23,38378,12109
TACGCTGCTGTGTTAA-1,0,68,24,37873,12400
TAGTCCTGCACTAAGC-1,0,69,25,38379,12690
AGCACACGTTTAGACT-1,0,68,26,37874,12981
GTTCGACAATTGTATA-1,0,69,27,38381,13271
CCATGTTCATCTATAT-1,0,68,28,37876,13562
CCCTCGATAATACACA-1,0,69,29,38382,13852
ACTGCCCGCCATTCTC-1,0,68,30,37877,14143
CTATATCCAGCCTGGC-1,0,69,31,38383,14432
CGCACGTCTGTTTATG-1,0,68,32,37879,14724
AATCAGGTTTCATTTA-1,0,69,33,38385,15013
AGAGAAACACCAGAAA-1,0,68,34,37880,15305
ACCCGATTGGTTCCGA-1,0,69,35,38386,15594
TACCAGGAATCCCGTC-1,1,68,36,37881,15886
AAGTGCTTCTCTATTG-1,0,69,37,38387,16175
TGCATGTGACCCATAG-1,1,68,38,37883,16467
TAGATTCAAAGTGCGG-1,1,69,39,38389,16756
AGGGTCAGAGCACTCG-1,1,68,40,37884,17048
GTGAGATAACCTTATA-1,1,69,41,38390,17337
GTGTCAGTGTACGTGG-1,1,68,42,37886,17629
CTGTAGTGAGGATCGA-1,1,69,43,38392,17918
GATAGTGCGAGTAAGT-1,1,68,44,37887,18210
AGGGTTCAGACGGTCC-1,1,69,45,38393,18499
GGACTCGACAGCGCAT-1,1,68,46,37888,18791
CACTCTCAAGCATCGA-1,1,69,47,38394,19080
GAGCGGAATGCGGTGT-1,1,68,48,37890,19371
CAGTTCGAGGACCCGA-1,1,69,49,38396,19661
CGTAACTTCGACACTT-1,1,68,50,37891,19952
TGATCACCACACTGAC-1,1,69,51,38397,20242
CATACTTCTTTCTCCG-1,1,68,52,37893,20533
CAAGTAAGTGATAGAC-1,1,69,53,38399,20823
AGCCCGCAACAAGCAG-1,1,68,54,37894,21114
GCTCCATGCAAAGCAA-1,1,69,55,38400,21403
TCGTACCGACGTCAAG-1,1,68,56,37895,21695
ATTATCGGAATGTACG-1,1,69,57,38401,21984
ACCTACTATAAATCTA-1,1,68,58,37897,22276
TATCCTATCAACTGGT-1,1,69,59,38403,22565
GCGCGGTCTAGTAACT-1,1,68,60,37898,22857
CCTTCGTATAGAATCC-1,1,69,61,38404,23146
TGGGCGATACAATAAG-1,1,68,62,37899,23438
TGACATGTAACGTGAC-1,1,69,63,38406,23727
TTGGGAAGACGAGCCG-1,1,68,64,37901,24019
GGTGTAAATCGATTGT-1,1,69,65,38407,24308
GAACTGTGGAGAGACA-1,1,68,66,37902,24600
TCCACATCGTATATTG-1,1,69,67,38408,24889
CCTATGGTCAAAGCTG-1,1,68,68,37904,25181
TCCTTGTCCTTTAATT-1,1,69,69,38410,25470
AAGTTTATGGGCCCAA-1,1,68,70,37905,25762
GTCCGGGTTCACATTA-1,1,69,71,38411,26051
ATGTAGCGCGCGTAGG-1,1,68,72,37906,26343
TACGGAAGCCAAACCA-1,1,69,73,38413,26632
GCCCTGAGGATGGGCT-1,1,68,74,37908,26923
CGGGCGATGGATCACG-1,1,69,75,38414,27213
TGCGGACTTGACTCCG-1,1,68,76,37909,27504
TAATACTAGAACAGAC-1,1,69,77,38415,27794
TCAAATTGTTGTGCCG-1,1,68,78,37911,28085
GGGCAGTCAACGCCAA-1,1,69,79,38417,28375
TCGCTGCCAATGCTGT-1,1,68,80,37912,28666
TACGTGGGCCCAGGGC-1,1,69,81,38418,28955
GCCTACGTTCTGTGCA-1,1,68,82,37913,29247
TTGCGTGTGTAGGCAT-1,1,69,83,38419,29536
TCCTAAAGATTCAGAC-1,1,68,84,37915,29828
TGGGTGCACAAGCCAT-1,1,69,85,38421,30117
GGGAGCGACCGTAGTG-1,1,68,86,37916,30409
CATAGAGGAGATACTA-1,1,69,87,38422,30698
CTTCGATTGCGCAAGC-1,1,68,88,37918,30990
GTGCCTGAGACCAAAC-1,1,69,89,38424,31279
TCATCCTCAGCTGCTT-1,1,68,90,37919,31571
TGCAACTACTGGTTGA-1,1,69,91,38425,31860
ATGTTGATTAGAGACT-1,1,68,92,37920,32152
GTTTCTAGAGGCGCGG-1,1,69,93,38426,32441
TACAAGGGCTTCTTTA-1,1,68,94,37922,32733
ACAGGCACGGATCCTT-1,1,69,95,38428,33022
CCCAAGTCATTACACT-1,1,68,96,37923,33314
ACTCTGACCTAATAGA-1,1,69,97,38429,33603
GGATGGCTTGAAGTAT-1,1,68,98,37925,33894
ACCCTCCCGTCAGGGC-1,1,69,99,38431,34184
AGCTTCTTCTCGAGCA-1,1,68,100,37926,34475
TTGCGCTTGATCAATA-1,1,69,101,38432,34765
TGGGTGTAATAGATTT-1,1,68,102,37927,35056
CATGGTTTATTAATCA-1,1,69,103,38433,35346
TTGCCTTCTCGCCGGG-1,1,68,104,37929,35637
TTAAAGTAAGTCGCCA-1,1,69,105,38435,35927
AGTTGGCAAGGCTAGA-1,1,68,106,37930,36218
CCGCACTTGCAATGAC-1,1,69,107,38436,36507
AATGTTGTCGTGAGAC-1,1,68,108,37931,36799
CCAAGGTTGCCCTTTC-1,1,69,109,38438,37088
TGTGACTAGAGTTTGC-1,1,68,110,37933,37380
TTGTGATCTGTTCAGT-1,1,69,111,38439,37669
GGAGTTGATTCTGTGT-1,1,68,112,37934,37961
GTAGTGAGCAACCTCA-1,1,69,113,38440,38250
AAGACATACGTGGTTT-1,1,68,114,37936,38542
CATCCCGAGATTCATA-1,1,69,115,38442,38831
GGCCGCAGGAACCGCA-1,1,68,116,37937,39123
CCAGAAACTGATGCGA-1,1,69,117,38443,39412
ACCCGTAGTCTAGTTG-1,1,68,118,37938,39704
AGGGTCTGGACGCAGT-1,1,69,119,38445,39993
TTGAAACCCTCATTCC-1,1,68,120,37940,40285
TCAATCCCGCGCCAAA-1,1,69,121,38446,40574
AGGACATCGGCACACT-1,1,68,122,37941,40866
GACAAGACGCCCGTGC-1,1,69,123,38447,41155
GAGTAAATTAAGAACC-1,1,68,124,37943,41446
TAAGTCGGTGAGCTAG-1,1,69,125,38449,41736
CTTACTGACTCCTCTG-1,1,68,126,37944,42027
TTAACTGATCGTTTGG-1,1,69,127,38450,42317
GGGCGATCCATAGGCC-1,0,70,0,38867,5427
CGTATTGTTTGGCGCC-1,0,71,1,39373,5716
CGCGTGGGCCTGTGTT-1,0,70,2,38869,6008
AAATCTGCCCGCGTCC-1,0,71,3,39375,6297
GCTGAAGGGTTCTTGG-1,0,70,4,38870,6589
TAATTGCGCTGATTAC-1,0,71,5,39376,6878
TCGCGCGTTTACATGA-1,0,70,6,38871,7170
TAACTGAAATACGCCT-1,0,71,7,39377,7459
CCTGTCGTGTATGAAG-1,0,70,8,38873,7751
CGGGAACGCCCTGCAT-1,0,71,9,39379,8040
AGTTGCGGTCCTCAAC-1,0,70,10,38874,8332
GGGTCCTTGGAAGAAG-1,0,71,11,39380,8621
CGGGAAGTACCGTGGC-1,0,70,12,38875,8912
ACGGTCACCGAGAACA-1,0,71,13,39382,9202
TAGACTCAGTTGGCCT-1,0,70,14,38877,9493
CCTTCCGCAACGCTGC-1,0,71,15,39383,9783
CAGTGTTAATCTCTCA-1,0,70,16,38878,10074
CAGGCCAGTACCACCT-1,0,71,17,39384,10364
GATCGCTGTGGTGCGT-1,0,70,18,38880,10655
GTATCTCGGGCGCTTT-1,0,71,19,39386,10944
CCGGGCTAAGAATTTC-1,0,70,20,38881,11236
CTTCACGCCCTGGTAC-1,0,71,21,39387,11525
CGGATGAATGCTGTGA-1,0,70,22,38882,11817
CTCTGCAGGCATTCTT-1,0,71,23,39389,12106
TCAAAGTCACGGCGTC-1,0,70,24,38884,12398
TGGGTTTCGGGCGTAC-1,0,71,25,39390,12687
TGCTATGGCAAAGGGA-1,0,70,26,38885,12979
TTCACGGTCGTCACGT-1,0,71,27,39391,13268
CGTAAAGCAAGAAATC-1,0,70,28,38887,13560
CTGATCCCTTTATGCA-1,0,71,29,39393,13849
GAGTATACCCTAATCA-1,0,70,30,38888,14141
CCACGGCAGGTGTAGG-1,0,71,31,39394,14430
ACGTACTTTGGCACGG-1,0,70,32,38889,14722
CCTGAGAATAAATGCA-1,0,71,33,39395,15011
TTGATGCCGCTCGTCG-1,0,70,34,38891,15303
GCCAGGAAAGAACACT-1,0,71,35,39397,15592
TCCGACCGCTAATCAA-1,0,70,36,38892,15884
TATATCAAAGTGATCT-1,0,71,37,39398,16173
CCTCGGTTTCCTTGCC-1,0,70,38,38894,16464
TAAATTTAGTAACACC-1,0,71,39,39400,16754
CTCGTTACGGCTACCA-1,1,70,40,38895,17045
GCCGTCGGTTTCGGGC-1,0,71,41,39401,17335
GTTCCGTCCGCCTGCA-1,1,70,42,38896,17626
CTAGGGATAGGGACAA-1,1,71,43,39402,17916
GTCCAGGCACGTGTGC-1,1,70,44,38898,18207
GAGGAATATCTCTTTG-1,1,71,45,39404,18496
CGTTCAAGGAAACGGA-1,1,70,46,38899,18788
GTGGGAACAAACCGGG-1,1,71,47,39405,19077
GGGCACGTAGTACTGT-1,1,70,48,38901,19369
ACTACAAAGAGAGGTG-1,1,71,49,39407,19658
GGTGTAGGTAAGTAAA-1,1,70,50,38902,19950
CCTGTTCAACCTCGGG-1,1,71,51,39408,20239
TGAGGTGTGTGGCGGA-1,1,70,52,38903,20531
ATTGTCTGTTTCATGT-1,1,71,53,39409,20820
GCCGGTCGTATCTCTC-1,1,70,54,38905,21112
ATATGGGATAGCAACT-1,1,71,55,39411,21401
GATAGAACCCGCTAGG-1,1,70,56,38906,21693
ATCCCATTTCCGTGGG-1,1,71,57,39412,21982
GATGCTACCTTCGATG-1,1,70,58,38907,22274
TGCAAAGTTCGTCTGT-1,1,71,59,39414,22563
GTTCAGTCGCCAAATG-1,1,70,60,38909,22855
GTCTCCGCCTCAATAC-1,1,71,61,39415,23144
AGTAGAAGGCGCCTCA-1,1,70,62,38910,23436
GTTGTAGATTTATGAG-1,1,71,63,39416,23725
CTATTTGCTTGGAGGA-1,1,70,64,38912,24016
AGCCATATAGTATGTG-1,1,71,65,39418,24306
TGTTCCGGCCTGAGCT-1,1,70,66,38913,24597
TGCCGTGGGACCCAAT-1,1,71,67,39419,24887
TTGCAAGAAGACTCCT-1,1,70,68,38914,25178
CCGCTCCAGGGCGATC-1,1,71,69,39421,25468
CAAACCCTCCGGCGGG-1,1,70,70,38916,25759
CGGACCTTTACGTCCC-1,1,71,71,39422,26048
ACGTAGGAGAGTCGCT-1,1,70,72,38917,26340
CTGCGACCTCGCCGAA-1,1,71,73,39423,26629
GGCCCAGCTGGTTTGC-1,1,70,74,38919,26921
GGATTAATCATGGACC-1,1,71,75,39425,27210
GAGATGGCTTTAATCA-1,1,70,76,38920,27502
AGTACAGAAGCTTATA-1,1,71,77,39426,27791
GCGGCTTTAGCAAGTT-1,1,70,78,38921,28083
ACCGAGTCTCCTTATT-1,1,71,79,39428,28372
GACCACACTTCCCTTT-1,1,70,80,38923,28664
TGTAGCCAATTCCGTT-1,1,71,81,39429,28953
CTCGTCTGTGCCTTCG-1,1,70,82,38924,29245
GGACTCTTTGACTAAG-1,1,71,83,39430,29534
TCATCGACGACCGTCG-1,1,70,84,38926,29826
TACTACGTGCAATGCG-1,1,71,85,39432,30115
CCCTACTTGAACAATG-1,1,70,86,38927,30407
GCAGCTGTCAACGCAT-1,1,71,87,39433,30696
ATCTACCATCTGCTCC-1,1,70,88,38928,30987
TCTCAAATCAATCGGG-1,1,71,89,39434,31277
ACTCCGGCCGACCACT-1,1,70,90,38930,31568
TACACCTCTTCGAATC-1,1,71,91,39436,31858
GTGGCTGTTTCTGTTC-1,1,70,92,38931,32149
ACGACTCTAGGGCCGA-1,1,71,93,39437,32439
TCGTTTACGCGACCCT-1,1,70,94,38933,32730
AGGATATCCGACTGCA-1,1,71,95,39439,33019
GACACTTCCAATTACC-1,1,70,96,38934,33311
ACGGTACAGTTCAATG-1,1,71,97,39440,33600
CTTGATGACCATCCAG-1,1,70,98,38935,33892
CTGGTAAAGACTTACA-1,1,71,99,39441,34181
CTTGCCCACCCACGCA-1,1,70,100,38937,34473
CATTACGCAGGAAGGG-1,1,71,101,39443,34762
GGACAACCATGAAGCC-1,1,70,102,38938,35054
GTTATCAAGCTATCGA-1,1,71,103,39444,35343
AGGTGCACGTCCACAT-1,1,70,104,38940,35635
AAAGAATGTGGACTAA-1,1,71,105,39446,35924
ACCAAGTCATCGGCAG-1,1,70,106,38941,36216
AGTAACTATAGCAGCC-1,1,71,107,39447,36505
GGGAAAGAATGCCAAC-1,1,70,108,38942,36797
AATCGGTATAGCCCTC-1,1,71,109,39448,37086
GGCACTGCGGTGGTTT-1,1,70,110,38944,37378
CGTCCTCATCGCGTGC-1,1,71,111,39450,37667
CTTAACTTACAGTATA-1,1,70,112,38945,37959
GTGAGTCGACTAATAG-1,1,71,113,39451,38248
TGTACTTCCGGGCATG-1,1,70,114,38946,38539
CACAAACCGCAGAACT-1,1,71,115,39453,38829
GCTTTACACAACTGGG-1,1,70,116,38948,39120
CACCGATGATGGGTAC-1,1,71,117,39454,39410
TCAATATACAGGAGGC-1,1,70,118,38949,39701
AACGACCTCCTAGCCG-1,1,71,119,39455,39991
GTTACCAAGGCGTACG-1,1,70,120,38951,40282
TAGCTCACTGTGTTTG-1,1,71,121,39457,40571
TCGGCAGGGTTAAGGG-1,1,70,122,38952,40863
TGTTAACAAAGTGACT-1,1,71,123,39458,41152
CAGAGCGATGGATGCT-1,1,70,124,38953,41444
CATAGTGGGCACGCCT-1,1,71,125,39460,41733
AAACGCTGGGCACGAC-1,1,70,126,38955,42025
TGTTCTCATACTATAG-1,1,71,127,39461,42314
TCCGCTGGGTCGATCG-1,0,72,0,39878,5425
TTAGCATCCCTCACGT-1,0,73,1,40384,5714
AGCCTTGTCACTGATA-1,0,72,2,39879,6005
GTTTCTTGTTAGAGCT-1,0,73,3,40385,6295
TCGGAGTCCTGGTTGC-1,0,72,4,39881,6586
ACGGGTTGTGACCTGT-1,0,73,5,40387,6876
TGACAGAAATCTTGCT-1,0,72,6,39882,7167
TAGCCATGATTGCCTA-1,0,73,7,40388,7457
CGAAGCCACAGCATGG-1,0,72,8,39883,7748
ACCCGTAGCAGAGAAT-1,0,73,9,40390,8037
AGCTTGATCAGGGTAG-1,0,72,10,39885,8329
CTATAAGTAGGGTTTG-1,0,73,11,40391,8618
TATAGTTAGGTGTACT-1,0,72,12,39886,8910
TACGCTGATAGTTGTA-1,0,73,13,40392,9199
TTCTCAATTGCTACAA-1,0,72,14,39888,9491
GTTGCCCTAACGGGTG-1,0,73,15,40394,9780
GACATTTCGCCCAGCC-1,0,72,16,39889,10072
GTAACTACGTAGACCT-1,0,73,17,40395,10361
CCAGTGTACAGACCGA-1,0,72,18,39890,10653
GCCCGATGCCCAGTTC-1,0,73,19,40397,10942
CGAACCTCTTTCCTAG-1,0,72,20,39892,11234
CATGCACATGAGAGGC-1,0,73,21,40398,11523
CCAAATCAAAGGGCAA-1,0,72,22,39893,11815
GTAGTTTAAGCACACG-1,0,73,23,40399,12104
TAAGTGAATAGTCTAC-1,0,72,24,39895,12396
GGTCCACGTCTATTTG-1,0,73,25,40401,12685
CCCTCAGATCGAGAAC-1,0,72,26,39896,12977
ACATTCGCGCGGAATA-1,0,73,27,40402,13266
CTATGAACACCTTGCC-1,0,72,28,39897,13557
CGAATGGTAGGTCGTC-1,0,73,29,40404,13847
TCGACATAGCGTAGCG-1,0,72,30,39899,14138
GACGTTGCTCGGCGGC-1,0,73,31,40405,14428
CTCGAGGCAAGTTTCA-1,0,72,32,39900,14719
GCTGGGAGCGCGTCAA-1,0,73,33,40406,15009
GACGATATCACTGGGT-1,0,72,34,39902,15300
CAGCTCTGGGCTCACT-1,0,73,35,40408,15589
TAGTCTGCGGCACATT-1,0,72,36,39903,15881
TGGTCGATATACCTCT-1,0,73,37,40409,16170
TTCAGTTCAAGAGGAG-1,0,72,38,39904,16462
GTCTGTAGGTTGAACA-1,0,73,39,40410,16751
GAGAGTCTCGGGAGAG-1,0,72,40,39906,17043
TTGTTTGTATTACACG-1,0,73,41,40412,17332
GCACAGCACGGGCCGA-1,0,72,42,39907,17624
AAACAGTGTTCCTGGG-1,0,73,43,40413,17913
TGGAGAATAATCGTCC-1,1,72,44,39909,18205
CGCCGCGTTCTGAACG-1,1,73,45,40415,18494
CATGCGTTGAGAGGAG-1,1,72,46,39910,18786
TACGCTCCTAGAACTG-1,1,73,47,40416,19075
CCTTGTGAACGTGGTT-1,1,72,48,39911,19367
TTAAAGGCGATGCTCG-1,1,73,49,40417,19656
TAAAGTGCACGTCTCG-1,1,72,50,39913,19948
TGTCCGCAAACAATTC-1,1,73,51,40419,20237
AGGCCTATCATACCAA-1,1,72,52,39914,20528
ACTGGGATGCCAGTGC-1,1,73,53,40420,20818
CGATCCACCATTGTTG-1,1,72,54,39916,21109
GGGCATGCATGTCGAG-1,1,73,55,40422,21399
TCCAGGCAGGACGATC-1,1,72,56,39917,21690
CAATGACCCTTAATTT-1,1,73,57,40423,21980
ATCAAGATCCCAGGAC-1,1,72,58,39918,22271
CTCAGAGCTAATGTCG-1,1,73,59,40424,22560
CTGCGATTTCGAGATT-1,1,72,60,39920,22852
ATGGTATTGGGAACCG-1,1,73,61,40426,23141
TAGGTTCTGCTGAGAA-1,1,72,62,39921,23433
GCCTGTCCCGGTGCAT-1,1,73,63,40427,23722
GGCCTGCTCTGATGTT-1,1,72,64,39922,24014
TAGAGGGAGTTTATCT-1,1,73,65,40429,24303
CTCTACATCCTGCGTG-1,1,72,66,39924,24595
ACACATTTCCGTAGAC-1,1,73,67,40430,24884
TGGGTGTTAAGTAGAA-1,1,72,68,39925,25176
GAGCTCAACATGAGCG-1,1,73,69,40431,25465
GCACACAGCTATTACC-1,1,72,70,39927,25757
GCGACGGTAGTCTCCT-1,1,73,71,40433,26046
GTATCAAGGTACTTCC-1,1,72,72,39928,26338
GGAAAGGGAATTGAGC-1,1,73,73,40434,26627
TACACAGCCGTGGTGC-1,1,72,74,39929,26919
CGGTTGGGCAGGGTCC-1,1,73,75,40436,27208
GCACGCCGATTCCCGC-1,1,72,76,39931,27500
CGCTTTCCGCCAAGGT-1,1,73,77,40437,27789
TGCCCGATAGTTAGAA-1,1,72,78,39932,28080
TCAGAACGGCGGTAAT-1,1,73,79,40438,28370
CCACTCAGATCCGCAA-1,1,72,80,39934,28661
GAAGGGTCATTAAGAC-1,1,73,81,40440,28951
GCGGTCTTGCTTTCAC-1,1,72,82,39935,29242
GGAAGGACACCGTATA-1,1,73,83,40441,29532
CGCGGGAATTCCTTTC-1,1,72,84,39936,29823
TCTATCCGATTGCACA-1,1,73,85,40442,30112
TACTCGTTTGAATCAA-1,1,72,86,39938,30404
GTCTGCCGACTCGACG-1,1,73,87,40444,30693
TACGGGTAATAACATA-1,1,72,88,39939,30985
CCAGTTCGGTAACTCA-1,1,73,89,40445,31274
CGTGCACACCACTGTA-1,1,72,90,39941,31566
CTTCAGTTGGACAACG-1,1,73,91,40447,31855
TGATCTATCACACTCT-1,1,72,92,39942,32147
TAGCAGATACTTAGGG-1,1,73,93,40448,32436
CACCGGGCATCACAAG-1,1,72,94,39943,32728
AGTGGCCCGCAAATGG-1,1,73,95,40449,33017
CTCGCTAGGTAAGCGA-1,1,72,96,39945,33309
GATAGATAGTACAGTC-1,1,73,97,40451,33598
CGAGACTACTGCTGCT-1,1,72,98,39946,33890
ACATTTGAAACCTAAC-1,1,73,99,40452,34179
GACACAGCCGGGACTG-1,1,72,100,39948,34471
ACGGAACACGAGTGCC-1,1,73,101,40454,34760
ACGCCAGTGCGTTTGC-1,1,72,102,39949,35051
GCACCTAGGCGAGTCC-1,1,73,103,40455,35341
TCACTATCCCTTCGGT-1,1,72,104,39950,35632
TGAGTGTAACAACGGG-1,1,73,105,40456,35922
ATTGGTTGTGCATTAC-1,1,72,106,39952,36213
CTGGCGATTTACATGT-1,1,73,107,40458,36503
TCCACCAAGACATAGG-1,1,72,108,39953,36794
AACGTCGCTGCACTTC-1,0,73,109,40459,37084
GTCTCCCGAGTCCCGT-1,1,72,110,39954,37375
AGCCCGCACTACAATG-1,1,73,111,40461,37664
GGCACGCTGCTACAGT-1,1,72,112,39956,37956
GCTTGAGTGACCTCTG-1,1,73,113,40462,38245
ATAGCCATAACAGTCA-1,1,72,114,39957,38537
TAGGAGGCTCGAGAAC-1,1,73,115,40463,38826
GTCGGGTGAAGTACCG-1,1,72,116,39959,39118
CACCCGCGTTTGACAC-1,1,73,117,40465,39407
TCTCAGGCTACTCGCT-1,1,72,118,39960,39699
TAGATTCTCTAGCAAA-1,1,73,119,40466,39988
CCCATTATTGTATCCT-1,1,72,120,39961,40280
GTTAATAGCGTCATTA-1,1,73,121,40468,40569
TACTCATTGACGCATC-1,1,72,122,39963,40861
TAGTGACAAGCTCTAC-1,1,73,123,40469,41150
ATCGCCGTGGTTCATG-1,1,72,124,39964,41442
CTGCTCTCAACACACC-1,1,73,125,40470,41731
GCATGACACAAAGGAA-1,1,72,126,39966,42023
CAACGATCGATCCAAT-1,1,73,127,40472,42312
ATACAGCGTCCACTGA-1,0,74,0,40889,5422
TCACGATTAATACGTT-1,0,75,1,41395,5711
CGTGAACTGACCCGAT-1,0,74,2,40890,6003
TCGATGTTACGGCCGT-1,0,75,3,41396,6292
GACCGGTGATACTCTC-1,0,74,4,40892,6584
TCTGTTTAGATTGTTC-1,0,75,5,41398,6873
GCTACTCGGACGCAGA-1,0,74,6,40893,7165
AAGAAAGTTTGATGGG-1,0,75,7,41399,7454
CGCCAGTAGTACCTTG-1,0,74,8,40894,7746
CTCCCTTGTATCAAGG-1,0,75,9,41400,8035
ACTTTATACACCACTT-1,0,74,10,40896,8327
AGATCTGGAGAGGATA-1,0,75,11,41402,8616
TCATCCATCTGATCAC-1,0,74,12,40897,8908
AGAACACGGCGATGGT-1,0,75,13,41403,9197
CCGCTCCGGATAAGCT-1,0,74,14,40898,9489
TGGTCGGGTACAGGGC-1,0,75,15,41405,9778
ACGGACGCAGCGACAA-1,0,74,16,40900,10069
ACATGCTTACGGCAGC-1,0,75,17,41406,10359
CAGGGAGATAGGCCAG-1,0,74,18,40901,10650
TCGCCACCCGGATTAC-1,0,75,19,41407,10940
TCTTGGTCAATGATAC-1,0,74,20,40903,11231
CATAGGGACACTTGTG-1,0,75,21,41409,11521
CACGAGCAAACCAGAC-1,0,74,22,40904,11812
GGGATATTGATCGCCA-1,0,75,23,41410,12101
TAATGTCGGTTCATGG-1,0,74,24,40905,12393
CGATTTGTCATTAATG-1,0,75,25,41412,12682
TTAAGATACCCAGAGA-1,0,74,26,40907,12974
CGACCGTTGGTATTCG-1,0,75,27,41413,13263
ACTACCATCCGAGGGC-1,0,74,28,40908,13555
TCTACGCACGATCTCC-1,0,75,29,41414,13844
AAGCCACTTGCAGGTA-1,0,74,30,40910,14136
ACGTTGTCGTTGAAAG-1,0,75,31,41416,14425
ACCGCTAGTCATTGGT-1,0,74,32,40911,14717
CATGAGTCCATCACGG-1,0,75,33,41417,15006
ATGTCTTGTTTGACTC-1,0,74,34,40912,15298
TCCCAAACATCCTCTA-1,0,75,35,41418,15587
CAACGCGATGAGCCAA-1,0,74,36,40914,15879
GACACCCAAAGACGCG-1,0,75,37,41420,16168
ACGTTCACTATGCCGC-1,0,74,38,40915,16460
ATGGACTGCTTAGTTG-1,0,75,39,41421,16749
CCATGGCAAACGCTCA-1,0,74,40,40917,17041
TTGTCTCGGCAAGATG-1,0,75,41,41423,17330
TTCGAACGAAACATGC-1,0,74,42,40918,17621
GGAAAGTCTTGATTGT-1,0,75,43,41424,17911
ATCATAGATCGACGAG-1,0,74,44,40919,18202
GATTAGAAACAAGCGT-1,0,75,45,41425,18492
GCTGCGAAGAATTATT-1,0,74,46,40921,18783
TTCCAGTGGGTTTCGT-1,0,75,47,41427,19073
GCTCATTGATCATATC-1,1,74,48,40922,19364
ATACGAGGTTTGTAAG-1,1,75,49,41428,19653
GTCTATACACGCATGG-1,1,74,50,40924,19945
GATTTGCGCTAACACC-1,1,75,51,41430,20234
TGGTGCCCTGCCTTAC-1,1,74,52,40925,20526
TCGAATCGCAGGGTAG-1,1,75,53,41431,20815
GGTAGGCCAATATCAC-1,1,74,54,40926,21107
CGTAAATAACAAAGGG-1,1,75,55,41432,21396
GACTCTAGAGTTCCAA-1,1,74,56,40928,21688
ACTTGTTACCGGATCA-1,1,75,57,41434,21977
GGCATTGAACATCTCA-1,1,74,58,40929,22269
AACCCGCTGTATTCCA-1,1,75,59,41435,22558
TAACAGGTTCCCTTAG-1,1,74,60,40930,22850
GTTCTTGTAACTCAAT-1,1,75,61,41437,23139
GATTCTGTTAATGAGT-1,1,74,62,40932,23431
GGACACCTCGGTGTTG-1,1,75,63,41438,23720
CGATCGAGAAGCACCA-1,1,74,64,40933,24012
CTGCTCTGACGGCAAA-1,1,75,65,41439,24301
CCCAGGAAGAATTCGA-1,1,74,66,40935,24592
TGTCGTGGGTATAGGC-1,1,75,67,41441,24882
ATATGTCTAGAGCGTG-1,1,74,68,40936,25173
GCGGGCAGACGGGTGA-1,1,75,69,41442,25463
CGAAGATCAGTTTCAT-1,1,74,70,40937,25754
ACGCCACTCGAAACAG-1,1,75,71,41444,26044
CTTAGATGTTTCATCC-1,1,74,72,40939,26335
GCGAATGGACTAGCGA-1,1,75,73,41445,26625
TAAATTGTGGGTAAAG-1,1,74,74,40940,26916
ATTTATACTGGTAAAG-1,1,75,75,41446,27205
GCGTCGTAACATGGTC-1,1,74,76,40942,27497
CGGTATGGGCACTCTG-1,1,75,77,41448,27786
CTATCACAACGCTGGA-1,1,74,78,40943,28078
ACCACACGGTTGATGG-1,1,75,79,41449,28367
TCAGCGCACGCCGTTT-1,1,74,80,40944,28659
AATGTTAAGACCCTGA-1,1,75,81,41451,28948
CTTACATAGATTTCTT-1,1,74,82,40946,29240
AACATAGCGTGTATCG-1,1,75,83,41452,29529
AGCAGTCGAAGCATGC-1,1,74,84,40947,29821
GTACTACGGCCTCGTT-1,1,75,85,41453,30110
TTGGCCAAATTGTATC-1,1,74,86,40949,30402
TCAGAGGACGCGTTAG-1,1,75,87,41455,30691
AGTAATCTAAGGGTGG-1,1,74,88,40950,30983
AATTATACCCAGCAAG-1,1,75,89,41456,31272
CCCTACCCACACCCAG-1,1,74,90,40951,31564
CTCTGTCCATGCACCA-1,1,75,91,41457,31853
TCGCCTCCTTCGGCTC-1,1,74,92,40953,32144
CCTGATTCGCGAAGAA-1,1,75,93,41459,32434
GACTTCAACGCATCAA-1,1,74,94,40954,32725
GCTTCCCGTAAGCTCC-1,1,75,95,41460,33015
AGAACTGTACTTTGTA-1,1,74,96,40956,33306
CCTTAAGTACGCAATT-1,1,75,97,41462,33596
GGCCAATTGTATAGAC-1,1,74,98,40957,33887
AGAATACAGGCTATCC-1,1,75,99,41463,34176
AATACCTGATGTGAAC-1,1,74,100,40958,34468
TAGAGTGTTCCGGGTA-1,1,75,101,41464,34757
GCTTCCATGTAACCGC-1,1,74,102,40960,35049
GGTTCGCATTTGCCGT-1,1,75,103,41466,35338
TCAATCCGGGAAGTTT-1,1,74,104,40961,35630
CCGGAAGTGCAATATG-1,1,75,105,41467,35919
CTCATAAATGTGTATA-1,1,74,106,40963,36211
GACGGGCATCGAATTT-1,1,75,107,41469,36500
GCTAAGCCCAGTATGC-1,1,74,108,40964,36792
GCTATAAGGGCCAGGA-1,1,75,109,41470,37081
GCGGATTACTTGTTCT-1,1,74,110,40965,37373
TACAACAGCGCATACA-1,1,75,111,41471,37662
TCTAACCTAGCCTGCG-1,1,74,112,40967,37954
TCTACCCGCATCATTT-1,1,75,113,41473,38243
GTCTTACCACGCCAAG-1,1,74,114,40968,38535
AATAACGTCGCGCCCA-1,1,75,115,41474,38824
CGTTTCGGTTATATGC-1,1,74,116,40969,39116
TACGCTGCACGGTCGT-1,1,75,117,41476,39405
CGTTAAATACGACCAG-1,1,74,118,40971,39696
TCGACTGACGATGGCT-1,1,75,119,41477,39986
ACGCTACTGAATGGGC-1,1,74,120,40972,40277
AAGGGTTAGCCATGCG-1,1,75,121,41478,40567
ACGTTTCGGTGCACTT-1,1,74,122,40974,40858
TTAACCCGAGGCGTGT-1,1,75,123,41480,41148
GCCCGTCAAGCCCAAT-1,1,74,124,40975,41439
ATTCGTCCCGAGGTTA-1,1,75,125,41481,41728
TCAAATTATGTTCGAC-1,1,74,126,40976,42020
AACGTTCTACCATTGT-1,1,75,127,41483,42309
CTGTCCTGCGCACTAC-1,0,76,0,41900,5420
GCCCAGCGACACAAAG-1,0,77,1,42406,5709
TATAGCTATTATCTCT-1,0,76,2,41901,6001
AAGCTATGGATTGACC-1,0,77,3,42407,6290
CCGAAACACGACCTCT-1,0,76,4,41902,6582
ATCAGAAGCTGGTTGC-1,0,77,5,42408,6871
TGAACCTGAATGTGAG-1,0,76,6,41904,7162
TCAGAGCATGTCAACG-1,0,77,7,42410,7452
ATACCCTCCCGGCCAA-1,0,76,8,41905,7743
GCCACCTTATTCGCGA-1,0,77,9,42411,8033
CAACGAGCTTATTATG-1,0,76,10,41906,8324
GATCCAACCTTTAAAC-1,0,77,11,42413,8614
TTGTGGAGACAGCCGG-1,0,76,12,41908,8905
AGATAATCACACCTAT-1,0,77,13,42414,9194
GGTTAGGGATGCTAAT-1,0,76,14,41909,9486
TCATGAAGCGCTGCAT-1,0,77,15,42415,9775
CCAGGCGAGATGGTCT-1,0,76,16,41911,10067
CGACTTGCCGGGAAAT-1,0,77,17,42417,10356
GTGCCAAACGTTTCGA-1,0,76,18,41912,10648
TGCTCAAAGGATGCAC-1,0,77,19,42418,10937
GCCTCAGGTACCGGTC-1,0,76,20,41913,11229
ACAAGTAATTGTAAGG-1,0,77,21,42420,11518
TTAGAGTATTGTCGAG-1,0,76,22,41915,11810
GTCATCCCAAACTCAC-1,0,77,23,42421,12099
CTCCTAGTAATCGTGA-1,0,76,24,41916,12391
CCCTCATCACAGAGTA-1,0,77,25,42422,12680
GGAAACAGAGCTTGGG-1,0,76,26,41918,12972
ACATCGCAATATTCGG-1,0,77,27,42424,13261
TTAGCCATAGGGCTCG-1,0,76,28,41919,13553
CGGATTCTGCCTTATG-1,0,77,29,42425,13842
TTGTTGGCAATGACTG-1,0,76,30,41920,14134
GGATCTACCGTTCGTC-1,0,77,31,42427,14423
GGTGGGATTAGGTCCC-1,0,76,32,41922,14714
AATAGGCACGACCCTT-1,0,77,33,42428,15004
GAGGTCCGTTCGCTGT-1,0,76,34,41923,15295
TGACAACTTAAAGGTG-1,0,77,35,42429,15585
AGCTAAGCTCCGTCCG-1,0,76,36,41925,15876
CTAGCCCGGGAGACGA-1,0,77,37,42431,16166
CCCAGATTCCCGTGAC-1,0,76,38,41926,16457
GCCCGTTCACACAATT-1,0,77,39,42432,16746
ACAAACTCCATCAGAG-1,0,76,40,41927,17038
GGTTCCGTACGACTAA-1,0,77,41,42433,17327
TTGCGGAAAGCTGCCC-1,0,76,42,41929,17619
GGAACTCGTGAATACG-1,0,77,43,42435,17908
GGTTACCGCTCCCTAC-1,0,76,44,41930,18200
AGCGACTTTGAAGACA-1,0,77,45,42436,18489
CCGTTTCCTTTCCGTG-1,0,76,46,41932,18781
TGGATGGCATCTTGGA-1,0,77,47,42438,19070
CAAGTCGTTGAAATCT-1,0,76,48,41933,19362
TGCAAACGTACTAGTT-1,0,77,49,42439,19651
GGCTGTCCTACTGCGG-1,0,76,50,41934,19943
TACTGCATGATTAAAT-1,0,77,51,42440,20232
CGGACCTCTGTAGTTA-1,1,76,52,41936,20524
CCCTAGCTCTAAGGTC-1,1,77,53,42442,20813
GTAACAGGTTAACGGC-1,1,76,54,41937,21105
CCCGCAAATAATCATC-1,1,77,55,42443,21394
AATCCCGCTCAGAGCC-1,1,76,56,41939,21685
AACGTCATCCGGCTTG-1,1,77,57,42445,21975
CTCGTGGCACTGAAAG-1,1,76,58,41940,22266
CTTTATCCGACGCATG-1,1,77,59,42446,22556
AAATGACTGATCAAAC-1,1,76,60,41941,22847
TTCGTGCATGTTATAG-1,1,77,61,42447,23137
ATCAAAGAGCCGTGGT-1,1,76,62,41943,23428
ATGTCATAATAAACGA-1,1,77,63,42449,23717
CTTAATCGACTTAGTA-1,1,76,64,41944,24009
CTAAAGGATGAGATAC-1,1,77,65,42450,24298
GTGCTATCCAGCTGGA-1,1,76,66,41945,24590
GACAGAGGTCTTCAGT-1,1,77,67,42452,24879
TCGATTTACGAAACGA-1,1,76,68,41947,25171
AGGCTTAAGTTGCACA-1,1,77,69,42453,25460
TAGGATCTTAACCGCA-1,1,76,70,41948,25752
GACTTTCGAGCGGTTC-1,1,77,71,42454,26041
CCCTGGGAGGGATCCT-1,1,76,72,41950,26333
TAGTAGTTGCCGGACA-1,1,77,73,42456,26622
GCCCTAAGTGCAGGAT-1,1,76,74,41951,26914
ACTTGGGCTTTCGCCA-1,1,77,75,42457,27203
CATGATACGGTGAAAC-1,1,76,76,41952,27495
TCCTGCAGCCGCCAAT-1,1,77,77,42459,27784
GTCCGTTAGAGGGCCT-1,1,76,78,41954,28076
GCTTTATTAAGTTACC-1,1,77,79,42460,28365
AATCGAGGTCTCAAGG-1,1,76,80,41955,28657
GTGCTGTTAGAACATA-1,1,77,81,42461,28946
GGCTTCTCGTGGGTGG-1,1,76,82,41957,29237
CCTACAGTTGAGGGAG-1,1,77,83,42463,29527
TATCCCTCGATCTGCA-1,1,76,84,41958,29818
CCGGTATCTGGCGACT-1,1,77,85,42464,30108
CTCTAACACCGGCAGC-1,1,76,86,41959,30399
CTTCATCACCAGGGCT-1,1,77,87,42465,30689
GGCTGGCAATCCCACG-1,1,76,88,41961,30980
CAAACCATAAGCGTAT-1,1,77,89,42467,31269
CATGTGGGCTCATCAC-1,1,76,90,41962,31561
CCCGTGACAGTGCCTT-1,1,77,91,42468,31850
GATTATCTTGCATTAT-1,1,76,92,41964,32142
GAGTCCACCAGGTTTA-1,1,77,93,42470,32431
TGTACTATCGCTCGTT-1,1,76,94,41965,32723
TTAGCGAATAGATAGG-1,1,77,95,42471,33012
ACATACAATCAAGCGG-1,1,76,96,41966,33304
ATTCGTGTACCCATTC-1,1,77,97,42472,33593
GCTAGCAACGCACCTA-1,1,76,98,41968,33885
ACCTCAGCGAGGCGCA-1,1,77,99,42474,34174
TCCGGGCCACTAACGG-1,1,76,100,41969,34466
TCCCAATATCGACGAC-1,1,77,101,42475,34755
GGATTGAAGTAGCCTC-1,1,76,102,41971,35047
GGCGCACAGTTTACCT-1,1,77,103,42477,35336
CCCGGCACGTGTCAGG-1,1,76,104,41972,35628
AGTAAGGGACAGAATC-1,1,77,105,42478,35917
TTGCGCACAACCACGT-1,1,76,106,41973,36208
CCTGCTACAACCATAC-1,1,77,107,42479,36498
CTGGGCTACTGGAGAG-1,1,76,108,41975,36789
AGCTACGAATGGTGGT-1,1,77,109,42481,37079
ATTCGTTTATCGTATT-1,1,76,110,41976,37370
GGCATTCCCTCCCTCG-1,1,77,111,42482,37660
AGTTATTCAGACTGTG-1,1,76,112,41977,37951
CCACTTTCCTTCTAGG-1,1,77,113,42484,38241
CGCAGTTCTATCTTTC-1,1,76,114,41979,38532
AGGAGCGTTTATTATC-1,1,77,115,42485,38821
GACAGGTAATCCGTGT-1,1,76,116,41980,39113
TTCCCAAAGTACTGAT-1,1,77,117,42486,39402
CTGCAGGGTGACGCTC-1,1,76,118,41982,39694
TCATGGAGGCCTTTGT-1,1,77,119,42488,39983
ATGGCCCGAAAGGTTA-1,1,76,120,41983,40275
CGTAATATGGCCCTTG-1,1,77,121,42489,40564
AGAGTCTTAATGAAAG-1,1,76,122,41984,40856
GAACGTTTGTATCCAC-1,1,77,123,42491,41145
ATTGAATTCCCTGTAG-1,1,76,124,41986,41437
TACCTCACCAATTGTA-1,1,77,125,42492,41726
AGTCGAATTAGCGTAA-1,1,76,126,41987,42018
TTGAAGTGCATCTACA-1,1,77,127,42493,42307
